,loop_start_time,loop_end_time,loop_length
0,5171.667774034,5171.684204802,0.016430767999736418
1,5171.68421317,5171.699014528,0.014801358000113396
2,5171.699021653,5171.71513666,0.01611500699982571
3,5171.715142769,5171.732217742,0.01707497300048999
4,5171.732224776,5171.74828404,0.016059263999522955
5,5171.74829064,5171.767679358,0.019388718000300287
6,5171.76768582,5171.783216994,0.015531173999988823
7,5171.783223902,5171.799514838,0.01629093599967746
8,5171.799521447,5171.81603912,0.01651767299972562
9,5171.816045937,5171.8328183,0.01677236300020013
10,5171.832824779,5171.849536451,0.01671167200038326
11,5171.849543333,5171.866133476,0.016590143000030366
12,5171.866140138,5171.88293725,0.016797111999949266
13,5171.882943811,5171.899802893,0.016859082000337366
14,5171.899811182,5171.916112363,0.016301181000017095
15,5171.9161187,5171.932817479,0.016698778999852948
16,5171.932824172,5171.949786254,0.016962081999736256
17,5171.949794613,5171.966247443,0.01645282999925257
18,5171.966253852,5171.982864173,0.016610321000371187
19,5171.982871818,5171.998996523,0.016124705000038375
20,5171.999001088,5172.015723251,0.016722162999940338
21,5172.015730329,5172.032148777,0.01641844799996761
22,5172.032154301,5172.048843009,0.01668870799949218
23,5172.048848681,5172.065607894,0.01675921300011396
24,5172.065615438,5172.082529433,0.016913994999413262
25,5172.082537576,5172.098918614,0.016381037999963155
26,5172.098924906,5172.115554459,0.0166295529998024
27,5172.115562131,5172.132412326,0.01685019500018825
28,5172.132417246,5172.149004203,0.01658695700007229
29,5172.149011542,5172.165795437,0.0167838950001169
30,5172.165805156,5172.182269441,0.016464285000438394
31,5172.182274372,5172.198997728,0.016723355999602063
32,5172.199002617,5172.216007697,0.017005080000672024
33,5172.216015328,5172.232511929,0.01649660099974426
34,5172.232516976,5172.249141931,0.016624955000224872
35,5172.249149564,5172.287420793,0.038271229000201856
36,5172.287429404,5172.299361636,0.011932231999708165
37,5172.299368897,5172.315430916,0.016062018999946304
38,5172.315439101,5172.332135372,0.016696271000000706
39,5172.332140604,5172.349140352,0.016999747999761894
40,5172.349146184,5172.36545122,0.01630503599972144
41,5172.365455997,5172.382309337,0.016853340000125172
42,5172.38233928,5172.398928359,0.01658907899945916
43,5172.398934004,5172.416401726,0.01746772200021951
44,5172.416408381,5172.433137962,0.01672958099970856
45,5172.43314553,5172.449684006,0.016538476000278024
46,5172.449691043,5172.466211558,0.01652051500059315
47,5172.466219928,5172.483009219,0.016789291000350204
48,5172.483016449,5172.499895142,0.01687869299985323
49,5172.499902582,5172.516355513,0.016452931000458193
50,5172.516363723,5172.535571641,0.019207918000574864
51,5172.53558172,5172.549797492,0.014215772000170546
52,5172.549806116,5172.566309487,0.01650337099999888
53,5172.566317162,5172.584202092,0.017884930000036547
54,5172.584210048,5172.599799136,0.015589087999615003
55,5172.59980652,5172.617224918,0.017418397999790614
56,5172.617231963,5172.632750677,0.015518713999881584
57,5172.632757565,5172.649829293,0.01707172799979162
58,5172.649836201,5172.667338488,0.01750228699984291
59,5172.667348565,5172.683563315,0.016214750000472122
60,5172.683572395,5172.699447557,0.015875162000156706
61,5172.699455359,5172.717546913,0.018091553999511234
62,5172.717555849,5172.732968795,0.015412945999742078
63,5172.732975914,5172.750546454,0.017570539999724133
64,5172.750554438,5172.766488674,0.015934236000248347
65,5172.766496528,5172.783370443,0.016873915000360284
66,5172.783381883,5172.799518874,0.01613699099925725
67,5172.799525601,5172.823424173,0.02389857199977996
68,5172.823431181,5172.840537413,0.01710623199960537
69,5172.840544993,5172.857242167,0.016697174000000814
70,5172.857247241,5172.865329484,0.00808224299998983
71,5172.86533714,5172.882289855,0.01695271500011586
72,5172.8822972,5172.898830129,0.016532929000277363
73,5172.898843284,5172.925736893,0.02689360900058091
74,5172.92574424,5172.966716682,0.04097244199965644
75,5172.966723557,5172.982068888,0.015345331000389706
76,5172.982076641,5172.999407418,0.01733077700009744
77,5172.999415445,5173.016138022,0.016722577000109595
78,5173.016145008,5173.032928885,0.016783876999397762
79,5173.032936603,5173.049791927,0.016855324000061955
80,5173.049798932,5173.066061198,0.01626226600001246
81,5173.066068075,5173.082444932,0.016376857000068412
82,5173.082451939,5173.099662155,0.017210216000421497
83,5173.099669883,5173.116527735,0.01685785199970269
84,5173.116534659,5173.133391169,0.016856510000252456
85,5173.133398123,5173.149584131,0.016186007999749563
86,5173.149589382,5173.169004443,0.01941506099956314
87,5173.169012238,5173.182820852,0.013808614000481612
88,5173.182827857,5173.199745043,0.01691718599977321
89,5173.19975573,5173.216629129,0.01687339899945073
90,5173.216635854,5173.233084891,0.016449036999802047
91,5173.23309269,5173.249518255,0.016425564999735798
92,5173.249522793,5173.265879092,0.016356299000108265
93,5173.265884899,5173.282375411,0.016490512000018498
94,5173.282382997,5173.299617033,0.01723403599953599
95,5173.299623673,5173.315680035,0.016056362000199442
96,5173.31568672,5173.332945379,0.017258659000617627
97,5173.332952982,5173.349011448,0.016058465999776672
98,5173.349018859,5173.365738641,0.016719781999199768
99,5173.365743739,5173.382499955,0.016756215999521373
100,5173.382506932,5173.399156085,0.01664915299988934
101,5173.399164288,5173.416534367,0.017370079000102123
102,5173.41654174,5173.43378234,0.017240600000150152
103,5173.433789607,5173.449888877,0.016099270000268007
104,5173.449897193,5173.466402052,0.016504859000633587
105,5173.466406931,5173.48295246,0.01654552899981354
106,5173.482960212,5173.49907554,0.016115328000523732
107,5173.499097447,5173.515691247,0.01659380000000965
108,5173.515697897,5173.532139974,0.016442076999737765
109,5173.532144719,5173.548968317,0.016823597999973572
110,5173.54897588,5173.565573925,0.016598044999227568
111,5173.565578695,5173.599114199,0.03353550399970118
112,5173.59911917,5173.615661742,0.016542571999707434
113,5173.61566654,5173.632308963,0.016642422999211703
114,5173.632313715,5173.649409118,0.0170954029999848
115,5173.649415879,5173.666390222,0.016974342999674263
116,5173.666398124,5173.682220913,0.015822788999685145
117,5173.682228061,5173.699274675,0.01704661399980978
118,5173.69928282,5173.716215173,0.016932352999901923
119,5173.716222048,5173.73285885,0.016636801999993622
120,5173.732866129,5173.749674857,0.016808727999887196
121,5173.749681454,5173.766336101,0.016654646999995748
122,5173.766343275,5173.782707954,0.01636467900061689
123,5173.782712994,5173.799254902,0.016541908000363037
124,5173.799262204,5173.816314817,0.017052612999577832
125,5173.816321765,5173.832811806,0.01649004099999729
126,5173.832819358,5173.849810538,0.01699118000033195
127,5173.849823248,5173.866193401,0.01637015300002531
128,5173.866203572,5173.883300056,0.017096483999921475
129,5173.883307723,5173.90003413,0.016726406999623578
130,5173.900043735,5173.916504643,0.016460908000226482
131,5173.916511766,5173.932449421,0.0159376549991066
132,5173.93245633,5173.949289159,0.01683282900012273
133,5173.949295928,5173.966215836,0.0169199080000908
134,5173.966223605,5173.982879993,0.016656388000228617
135,5173.982887536,5173.999518964,0.016631428000437154
136,5173.999526356,5174.016889327,0.01736297099978401
137,5174.016897267,5174.033141398,0.016244131000348716
138,5174.033149001,5174.049729116,0.016580114999669604
139,5174.049736514,5174.066480822,0.016744307999942976
140,5174.066488446,5174.083076953,0.016588507000051322
141,5174.0830848,5174.099785495,0.01670069500050886
142,5174.099792415,5174.116040714,0.016248298999926192
143,5174.116047291,5174.133055019,0.017007727999953204
144,5174.133062302,5174.149652702,0.016590399999586225
145,5174.149660486,5174.166543766,0.016883280000001832
146,5174.16655205,5174.183001436,0.016449386000203958
147,5174.183008596,5174.199673281,0.016664685000250756
148,5174.199680331,5174.216316434,0.016636102999655122
149,5174.216325821,5174.254673901,0.038348080000105256
150,5174.254681036,5174.266459842,0.01177880599971104
151,5174.266467254,5174.283221169,0.01675391499975376
152,5174.283228422,5174.299465716,0.016237293999438407
153,5174.299473,5174.316084055,0.0166110549998848
154,5174.316091396,5174.332962331,0.016870935000042664
155,5174.332969163,5174.349763969,0.016794806000689277
156,5174.349770915,5174.366729889,0.016958974000772287
157,5174.366735233,5174.383214098,0.016478864999953657
158,5174.383221,5174.399362528,0.016141527999934624
159,5174.399395959,5174.416583336,0.01718737700048223
160,5174.416591194,5174.432986999,0.016395804999774555
161,5174.432995541,5174.449647644,0.016652102999614726
162,5174.449654965,5174.466136521,0.016481556000144337
163,5174.466144094,5174.482979819,0.01683572500041919
164,5174.482990214,5174.499920158,0.01692994400036696
165,5174.499927054,5174.516506651,0.016579596999690693
166,5174.516514678,5174.533031899,0.016517220999958226
167,5174.533039535,5174.549998102,0.016958567000074254
168,5174.550006332,5174.566683849,0.016677517000061926
169,5174.566691165,5174.582830926,0.016139760999976716
170,5174.58283829,5174.599557878,0.0167195880003419
171,5174.599565052,5174.616507451,0.016942399000072328
172,5174.616515042,5174.633213741,0.016698698999789485
173,5174.633220768,5174.64974714,0.01652637200004392
174,5174.649759541,5174.6665226,0.016763058999458735
175,5174.666530645,5174.683136101,0.016605455999524565
176,5174.68314361,5174.699665116,0.016521505999662622
177,5174.699673288,5174.716150042,0.016476753999995708
178,5174.716157678,5174.733066,0.016908321999835607
179,5174.733073302,5174.749599572,0.016526270000213117
180,5174.749606882,5174.76656756,0.016960678000032203
181,5174.766574412,5174.782944176,0.01636976399913692
182,5174.782952115,5174.800190315,0.017238200000065262
183,5174.800197893,5174.81640274,0.016204847000153677
184,5174.816410163,5174.832983878,0.01657371500004956
185,5174.832990375,5174.849759723,0.0167693479997979
186,5174.849767116,5174.866570614,0.016803497999717365
187,5174.866577333,5174.899189843,0.0326125100000354
188,5174.899197042,5174.93267993,0.0334828879995257
189,5174.932686691,5174.949294276,0.016607585000201652
190,5174.949301319,5174.966618015,0.01731669599939778
191,5174.966625612,5174.982637888,0.016012275999855774
192,5174.982644958,5174.999299732,0.016654774000016914
193,5174.999306808,5175.016119354,0.016812545999528083
194,5175.016127005,5175.032902481,0.01677547599956597
195,5175.032909414,5175.049612574,0.016703160000361095
196,5175.049620649,5175.065993535,0.01637288600068132
197,5175.066001029,5175.083433131,0.01743210199947498
198,5175.083441622,5175.099469011,0.01602738900055556
199,5175.099476889,5175.1159431,0.016466211000079056
200,5175.115950764,5175.132764681,0.016813916999126377
201,5175.13277172,5175.149325491,0.01655377099996258
202,5175.149334487,5175.165616454,0.016281967000395525
203,5175.165622719,5175.18245526,0.01683254100043996
204,5175.182459939,5175.199032435,0.0165724959997533
205,5175.199040692,5175.216619873,0.017579180999746313
206,5175.216627135,5175.232656781,0.016029645999878994
207,5175.232663353,5175.249338123,0.016674769999553973
208,5175.249344501,5175.265884334,0.01653983299911488
209,5175.265891845,5175.282221772,0.016329927000697353
210,5175.282226406,5175.298818891,0.01659248500072863
211,5175.298823251,5175.315479843,0.016656591999890225
212,5175.315486087,5175.332599295,0.01711320800040994
213,5175.332605381,5175.350012453,0.017407072000423796
214,5175.350019655,5175.366167975,0.016148319999956584
215,5175.366175405,5175.384135171,0.017959765999876254
216,5175.384142756,5175.400376715,0.016233958999691822
217,5175.400384317,5175.416268702,0.01588438499948097
218,5175.416275822,5175.432608661,0.01633283899991511
219,5175.432615056,5175.449137617,0.01652256099987426
220,5175.449143217,5175.465758515,0.016615298000033363
221,5175.465764219,5175.482276244,0.01651202499942883
222,5175.482281157,5175.499324045,0.01704288800010545
223,5175.499329159,5175.515700022,0.016370862999792735
224,5175.515706105,5175.532350599,0.01664449399959267
225,5175.532373802,5175.569647047,0.037273245000505995
226,5175.569652371,5175.58325169,0.013599318999695242
227,5175.583257609,5175.599886639,0.016629030000331113
228,5175.599894092,5175.616326237,0.016432145000180753
229,5175.616333637,5175.632945013,0.016611375999673328
230,5175.632952645,5175.649666833,0.016714188000150898
231,5175.649674116,5175.66637518,0.016701063999789767
232,5175.666381662,5175.682902405,0.016520743000000948
233,5175.682909964,5175.699555334,0.01664537000033306
234,5175.69956704,5175.716241363,0.01667432300018845
235,5175.716246235,5175.732891993,0.016645757999867783
236,5175.732898717,5175.749803579,0.016904862000046705
237,5175.749811595,5175.766334242,0.01652264699987427
238,5175.766341483,5175.783318915,0.016977431999293913
239,5175.783326033,5175.800116227,0.01679019400035031
240,5175.800122505,5175.816124853,0.016002347999346966
241,5175.816131403,5175.832915036,0.016783632999249676
242,5175.832921889,5175.849451406,0.016529516999980842
243,5175.849458252,5175.865898374,0.016440121999949042
244,5175.865904614,5175.882641043,0.016736429000047792
245,5175.882647484,5175.899330822,0.01668333799989341
246,5175.899337843,5175.916214171,0.01687632800076244
247,5175.916219113,5175.933235474,0.017016361000059987
248,5175.933240245,5175.949166397,0.015926152000247384
249,5175.949172597,5175.966148647,0.016976050000266696
250,5175.966153475,5175.982641361,0.016487885999595164
251,5175.98264761,5175.999320273,0.016672663000463217
252,5175.999327522,5176.0162575,0.016929978000007395
253,5176.016262134,5176.03275234,0.016490206000526086
254,5176.032758369,5176.049743521,0.016985152000415837
255,5176.04975109,5176.066169475,0.01641838499926962
256,5176.066174323,5176.082970772,0.016796449000139546
257,5176.08297752,5176.09910828,0.0161307600001237
258,5176.099114212,5176.116496054,0.017381841999849712
259,5176.116503486,5176.132722349,0.016218863000176498
260,5176.132730707,5176.150179873,0.01744916600000579
261,5176.150185051,5176.166156473,0.01597142199989321
262,5176.166163117,5176.18260986,0.016446743000415154
263,5176.182616441,5176.2045648,0.021948358999907214
264,5176.204570084,5176.223352371,0.018782287000249198
265,5176.223363127,5176.232380398,0.009017270999720495
266,5176.232384968,5176.249264498,0.016879530000551313
267,5176.249269255,5176.266090875,0.016821619999973336
268,5176.266095724,5176.282654953,0.016559229000449704
269,5176.282661923,5176.29975093,0.017089007000322454
270,5176.299760262,5176.316231981,0.01647171900003741
271,5176.316236801,5176.332476808,0.016240007000305923
272,5176.33248205,5176.349432445,0.01695039500009443
273,5176.349439607,5176.365549363,0.01610975600033271
274,5176.365553887,5176.383379516,0.017825629000071785
275,5176.383388978,5176.399869011,0.016480033000334515
276,5176.39990644,5176.416425054,0.01651861399932386
277,5176.416431884,5176.433094121,0.01666223699976399
278,5176.433101443,5176.449662354,0.01656091099994228
279,5176.449669881,5176.467511594,0.01784171300005255
280,5176.467613437,5176.48392184,0.016308403000039107
281,5176.48392933,5176.4999494,0.01602007000019512
282,5176.499956636,5176.518425437,0.01846880099947157
283,5176.518431931,5176.532625047,0.014193115999660222
284,5176.532632378,5176.550026607,0.01739422900027421
285,5176.550034292,5176.565737681,0.015703389000009338
286,5176.565743682,5176.583576078,0.017832395999903383
287,5176.583581438,5176.59983892,0.016257482000582968
288,5176.599845676,5176.616342561,0.016496885000378825
289,5176.616348993,5176.6332451,0.01689610699941113
290,5176.63325305,5176.649703567,0.016450516999611864
291,5176.649710532,5176.669250318,0.019539785999768355
292,5176.669256491,5176.682493568,0.013237076999757846
293,5176.682500922,5176.699138978,0.016638055999464996
294,5176.699145895,5176.715967075,0.01682118000007904
295,5176.715972817,5176.732149353,0.01617653599987534
296,5176.732154174,5176.748833315,0.016679141000167874
297,5176.748837971,5176.765735518,0.016897546999643964
298,5176.765742852,5176.782128484,0.016385632000492478
299,5176.782132753,5176.799109691,0.016976937999970687
300,5176.799116554,5176.816356771,0.017240217000107805
301,5176.816361775,5176.832929873,0.016568097999879683
302,5176.832949797,5176.849375662,0.016425865000201156
303,5176.849382924,5176.883126931,0.03374400700067781
304,5176.883133926,5176.89941264,0.016278714000691252
305,5176.899419048,5176.915845884,0.01642683600039163
306,5176.915852643,5176.932540076,0.016687432999788143
307,5176.932546261,5176.94940918,0.016862918999322574
308,5176.949416047,5176.965894496,0.01647844899980555
309,5176.965901342,5176.982324034,0.016422692000560346
310,5176.982333457,5176.999366836,0.01703337900016777
311,5176.999373921,5177.015712535,0.01633861399932357
312,5177.015719878,5177.032266003,0.016546124999877065
313,5177.032270781,5177.049228796,0.016958014999545412
314,5177.0492334,5177.066121472,0.016888072000256216
315,5177.066126997,5177.082512238,0.016385241000534734
316,5177.082518654,5177.099556413,0.017037759000231745
317,5177.099564132,5177.116390821,0.016826689000481565
318,5177.116398438,5177.132493763,0.01609532499969646
319,5177.132499088,5177.149706565,0.01720747699982894
320,5177.149712604,5177.166108293,0.016395689000091807
321,5177.16611541,5177.183062295,0.016946884999924805
322,5177.183070507,5177.199313814,0.0162433069999679
323,5177.199321855,5177.215950562,0.016628707000563736
324,5177.215957061,5177.232506515,0.016549453999687103
325,5177.232513324,5177.249254448,0.016741123999963747
326,5177.24925952,5177.26577496,0.016515440000148374
327,5177.265779852,5177.283137878,0.017358025999783422
328,5177.28314474,5177.299611803,0.016467062999254267
329,5177.299618042,5177.316763582,0.017145540000456094
330,5177.31676961,5177.332946552,0.016176942000129202
331,5177.332955773,5177.349223722,0.01626794899948436
332,5177.349230175,5177.365686043,0.016455867999866314
333,5177.365690738,5177.382830045,0.0171393070004342
334,5177.382836308,5177.399640365,0.01680405699971743
335,5177.399646173,5177.41562583,0.01597965699966153
336,5177.415647312,5177.432707623,0.01706031100002292
337,5177.432713643,5177.448907077,0.016193433999433182
338,5177.448912832,5177.465611291,0.016698458999599097
339,5177.465616444,5177.482208925,0.016592480999861436
340,5177.482213849,5177.498935043,0.016721193999728712
341,5177.498939595,5177.526130899,0.02719130400055292
342,5177.526135956,5177.549275812,0.023139855999943393
343,5177.549282319,5177.566034848,0.01675252899985935
344,5177.566041839,5177.582604219,0.016562380000323174
345,5177.582612245,5177.599173985,0.016561739999815472
346,5177.59918026,5177.615971442,0.016791181999906257
347,5177.61597787,5177.632656822,0.016678951999892888
348,5177.632663798,5177.64945873,0.01679493200026627
349,5177.649467213,5177.665838019,0.016370805999940785
350,5177.665844524,5177.682654482,0.01680995799961238
351,5177.682659761,5177.699237677,0.01657791600064229
352,5177.699244291,5177.716191701,0.016947410000284435
353,5177.716198701,5177.732753279,0.016554577999158937
354,5177.732761841,5177.748987813,0.016225972000029287
355,5177.748997542,5177.766039555,0.01704201299980923
356,5177.766048378,5177.782898557,0.016850179000357457
357,5177.782906799,5177.799638073,0.016731274000449048
358,5177.799645358,5177.816013532,0.0163681740004904
359,5177.816020129,5177.832801285,0.016781155999524344
360,5177.832807531,5177.849494355,0.016686824000316847
361,5177.849499494,5177.866320618,0.016821123999761767
362,5177.866325922,5177.883088734,0.016762811999797123
363,5177.883096531,5177.899959165,0.016862634000062826
364,5177.899964914,5177.916336199,0.016371285000786884
365,5177.916342597,5177.932981124,0.016638527000395698
366,5177.932988775,5177.949252966,0.016264191000118444
367,5177.949259444,5177.965997572,0.016738127999815333
368,5177.966004013,5177.982614484,0.01661047099969437
369,5177.982621336,5177.999402687,0.016781350999735878
370,5177.999446639,5178.015994614,0.016547975000321458
371,5178.016001794,5178.032673758,0.016671964000124717
372,5178.032678525,5178.049629002,0.016950477000136743
373,5178.049634367,5178.066151622,0.016517254999598663
374,5178.066158731,5178.083241614,0.017082883000512084
375,5178.083248941,5178.099235782,0.01598684099917591
376,5178.099242458,5178.116270301,0.017027843000505527
377,5178.116277644,5178.132824936,0.016547292000723246
378,5178.132832605,5178.149844515,0.01701191000029212
379,5178.149852754,5178.166125122,0.016272368000500137
380,5178.166131112,5178.182723572,0.016592460000538267
381,5178.182730889,5178.199341097,0.016610208000201965
382,5178.199346096,5178.215868955,0.016522858999451273
383,5178.215875397,5178.232677408,0.016802011000436323
384,5178.232684381,5178.249505726,0.016821345000607835
385,5178.249512973,5178.265823702,0.01631072899999708
386,5178.265831804,5178.282468092,0.01663628799997241
387,5178.282474286,5178.299127876,0.016653589999805263
388,5178.299134337,5178.315909016,0.016774678999354364
389,5178.315914177,5178.332662647,0.016748469999583904
390,5178.332669696,5178.349560003,0.01689030699981231
391,5178.349568827,5178.377984988,0.02841616099976818
392,5178.377994412,5178.405805396,0.02781098400009796
393,5178.405812089,5178.415336162,0.009524072999738564
394,5178.415342917,5178.432310219,0.01696730200001184
395,5178.432317247,5178.448826696,0.016509448999386223
396,5178.448834077,5178.465286702,0.016452625000056287
397,5178.465291651,5178.482448182,0.017156530999272945
398,5178.482455645,5178.498850014,0.01639436899949942
399,5178.498857207,5178.515591124,0.016733917000237852
400,5178.515598816,5178.532137053,0.016538236999622313
401,5178.532143467,5178.548931878,0.016788410999652115
402,5178.548938363,5178.565739717,0.016801353999653657
403,5178.565758698,5178.582359333,0.016600635000031616
404,5178.582366808,5178.598879833,0.016513024999767367
405,5178.598884978,5178.615566559,0.016681581000739243
406,5178.615576297,5178.632283722,0.016707424999367504
407,5178.632291003,5178.648797678,0.016506674999618554
408,5178.648804134,5178.665302692,0.016498558000421326
409,5178.665308057,5178.682011568,0.01670351099983236
410,5178.682016627,5178.6988508,0.016834173000461305
411,5178.698857327,5178.715355606,0.01649827900018863
412,5178.715360846,5178.731896817,0.01653597099993931
413,5178.731901142,5178.7488227,0.016921557999921788
414,5178.748827916,5178.765290483,0.01646256700041704
415,5178.765295072,5178.78223866,0.016943587999776355
416,5178.782245132,5178.79899642,0.01675128799979575
417,5178.799004973,5178.815485955,0.01648098200075765
418,5178.815494058,5178.832358514,0.016864455999893835
419,5178.832365493,5178.848838889,0.01647339600003761
420,5178.848844122,5178.865564528,0.016720405999876675
421,5178.865572595,5178.882224254,0.01665165899976273
422,5178.882230195,5178.898921635,0.016691439999704016
423,5178.898930729,5178.915603518,0.01667278900004021
424,5178.91561008,5178.932383287,0.01677320700036944
425,5178.932390767,5178.948889879,0.016499112000019522
426,5178.948897973,5178.965524364,0.016626390999590512
427,5178.965529043,5178.982164244,0.016635201000099187
428,5178.982169199,5178.998855714,0.01668651499949192
429,5178.998863538,5179.01545024,0.01658670200049528
430,5179.015454679,5179.032266913,0.016812234000099124
431,5179.032271695,5179.04892905,0.0166573549995519
432,5179.048936816,5179.06560628,0.016669464000187872
433,5179.065613214,5179.082180658,0.016567443999520037
434,5179.082186075,5179.098798133,0.016612057999736862
435,5179.098805537,5179.115730016,0.01692447900040861
436,5179.115738177,5179.132326458,0.01658828099971288
437,5179.132333879,5179.148834227,0.016500348000590748
438,5179.148840453,5179.165664717,0.016824264000206313
439,5179.165671639,5179.182349918,0.016678279000188923
440,5179.182357354,5179.198922742,0.016565388000344683
441,5179.198929577,5179.215494727,0.016565150000133144
442,5179.215501969,5179.232310737,0.016808768000373675
443,5179.23231802,5179.248804573,0.016486552999595006
444,5179.248811886,5179.265652467,0.016840580999996746
445,5179.265659167,5179.282206375,0.01654720799979259
446,5179.282213235,5179.298967262,0.01675402699947881
447,5179.298974972,5179.315426877,0.016451905000394618
448,5179.315432894,5179.332525092,0.017092197999772907
449,5179.332592002,5179.349047976,0.01645597400056431
450,5179.349055316,5179.365876179,0.01682086300024821
451,5179.365883973,5179.382398164,0.016514191000169376
452,5179.382405048,5179.399083534,0.01667848600027355
453,5179.399092858,5179.416024755,0.016931897000176832
454,5179.416032199,5179.432580199,0.016547999999602325
455,5179.432587762,5179.449428737,0.016840974999468017
456,5179.44943714,5179.465760083,0.016322942999977386
457,5179.465767062,5179.48242592,0.016658858000482724
458,5179.482432214,5179.498991172,0.016558958000132407
459,5179.498998603,5179.515867438,0.016868835000423132
460,5179.515875302,5179.532507458,0.01663215600001422
461,5179.532514,5179.549520807,0.01700680699923396
462,5179.549528092,5179.565739693,0.016211600999668008
463,5179.565754037,5179.5824987,0.01674466299937194
464,5179.582504495,5179.599030338,0.016525843000636087
465,5179.59903748,5179.61595605,0.01691856999968877
466,5179.615963409,5179.632380607,0.016417198000453936
467,5179.632385655,5179.649296042,0.016910387000280025
468,5179.649303994,5179.665670417,0.016366423000363284
469,5179.66567922,5179.682325237,0.016646017000311986
470,5179.682330277,5179.699343206,0.017012928999974974
471,5179.699349922,5179.715706374,0.01635645199985447
472,5179.715713115,5179.732295474,0.016582359000494762
473,5179.732303522,5179.749024197,0.016720675000215124
474,5179.749032092,5179.765824727,0.016792635000456357
475,5179.765831877,5179.782408197,0.01657632000024023
476,5179.782414809,5179.799460133,0.017045323999809625
477,5179.799470217,5179.815974338,0.01650412100025278
478,5179.815982,5179.83222281,0.01624080999954458
479,5179.832227615,5179.848972601,0.01674498600004881
480,5179.848979047,5179.865877975,0.016898928000046
481,5179.865885288,5179.882388368,0.01650307999989309
482,5179.882438439,5179.898878777,0.01644033800039324
483,5179.898885859,5179.915612406,0.01672654699996201
484,5179.915619845,5179.932205874,0.01658602899988182
485,5179.932211139,5179.94901552,0.01680438099992898
486,5179.949022597,5179.965518657,0.016496059999553836
487,5179.96552342,5179.982230673,0.016707253000276978
488,5179.982236218,5179.999200064,0.016963846000180638
489,5179.999206978,5180.015652516,0.01644553799997084
490,5180.015661713,5180.032101616,0.016439902999991318
491,5180.03210637,5180.048710339,0.01660396899933403
492,5180.048786674,5180.065502426,0.016715751999981876
493,5180.065508138,5180.082045496,0.01653735800027789
494,5180.08205083,5180.098752616,0.016701785999430285
495,5180.098758678,5180.11574272,0.016984041999421606
496,5180.115749881,5180.132229676,0.016479795000122976
497,5180.132235515,5180.149213811,0.016978296000161208
498,5180.14921841,5180.165710397,0.01649198700033594
499,5180.1657176,5180.182375238,0.016657637999742292
500,5180.182382124,5180.198963493,0.016581369000050472
501,5180.19897014,5180.215858411,0.016888271000425448
502,5180.215867319,5180.232283059,0.01641574000041146
503,5180.232289843,5180.24879554,0.016505696999956854
504,5180.248800159,5180.265594297,0.016794137999568193
505,5180.265598926,5180.282709694,0.017110767999838572
506,5180.282718606,5180.299143004,0.016424397999799112
507,5180.299150717,5180.315444609,0.01629389200024889
508,5180.315449124,5180.332093178,0.01664405399969837
509,5180.332098611,5180.34895571,0.01685709899993526
510,5180.348961091,5180.365466071,0.01650497999980871
511,5180.365476076,5180.382130385,0.016654308999932255
512,5180.38213573,5180.398892038,0.01675630799945793
513,5180.398897545,5180.415644089,0.016746543999943242
514,5180.415649051,5180.432272018,0.016622966999420896
515,5180.432276718,5180.448761335,0.016484617000060098
516,5180.448766596,5180.465459945,0.016693348999979207
517,5180.46546547,5180.482670489,0.017205019000357424
518,5180.482679355,5180.498788596,0.016109240999867325
519,5180.498793828,5180.515402091,0.016608263000307488
520,5180.515407685,5180.53210706,0.016699374999916472
521,5180.532112626,5180.548796833,0.016684207000253082
522,5180.548802518,5180.565456197,0.0166536789993188
523,5180.565461258,5180.58209015,0.01662889199997153
524,5180.582095546,5180.598919655,0.016824108999571763
525,5180.59892524,5180.615400476,0.01647523599967826
526,5180.615405055,5180.632066388,0.01666133299931971
527,5180.632078378,5180.648743091,0.016664712999954645
528,5180.64874863,5180.665423503,0.01667487299982895
529,5180.665429,5180.68209144,0.01666243999989092
530,5180.682098783,5180.699061099,0.016962315999990096
531,5180.699066237,5180.716143557,0.017077319999771134
532,5180.716150564,5180.732567035,0.016416471000411548
533,5180.732574833,5180.74922022,0.01664538699969853
534,5180.749227458,5180.765737874,0.016510415999619
535,5180.765745768,5180.782448288,0.016702519999853394
536,5180.782455924,5180.79912164,0.016665715999806707
537,5180.799126938,5180.81595264,0.016825702000460296
538,5180.81595802,5180.832310836,0.01635281600010785
539,5180.832315819,5180.849066826,0.0167510070004937
540,5180.849072366,5180.865667643,0.01659527700030594
541,5180.865673201,5180.882353379,0.016680177999660373
542,5180.882357886,5180.899026221,0.01666833499984932
543,5180.89903183,5180.915694541,0.01666271100020822
544,5180.915700003,5180.932292004,0.016592001000390155
545,5180.932296804,5180.949011165,0.01671436100059509
546,5180.949016708,5180.965650765,0.01663405699946452
547,5180.965656698,5180.982338922,0.016682223999850976
548,5180.982343715,5180.998979295,0.016635580000183836
549,5180.9989847,5181.015672265,0.01668756500021118
550,5181.01567797,5181.032462879,0.01678490900030738
551,5181.032468091,5181.049016728,0.0165486370005965
552,5181.049022075,5181.06569546,0.016673385000103735
553,5181.065736755,5181.082350484,0.016613728999800514
554,5181.082355537,5181.099011363,0.01665582599980553
555,5181.099017496,5181.115712776,0.01669528000002174
556,5181.115720946,5181.132302916,0.016581970000515867
557,5181.132311416,5181.149011958,0.016700541999853158
558,5181.149017831,5181.165685405,0.016667574000166496
559,5181.16569137,5181.182312931,0.016621560999737994
560,5181.182317488,5181.199005325,0.016687837000063155
561,5181.199013223,5181.215700964,0.016687740999259404
562,5181.215705974,5181.232336316,0.016630342000098608
563,5181.232341246,5181.248996001,0.0166547549997631
564,5181.249001718,5181.265744958,0.016743240000323567
565,5181.265750468,5181.282330458,0.016579989999627287
566,5181.282337575,5181.299121238,0.01678366299984191
567,5181.299127033,5181.315666303,0.016539270000066608
568,5181.315671895,5181.332262227,0.016590331999395858
569,5181.332267382,5181.349284795,0.017017412999848602
570,5181.349294136,5181.366052114,0.016757977999986906
571,5181.366059292,5181.382671405,0.016612113000519457
572,5181.382676572,5181.399211725,0.016535153000404534
573,5181.399216799,5181.415787738,0.016570939000303042
574,5181.415795943,5181.43231727,0.016521326999281882
575,5181.432323245,5181.449024416,0.01670117100002244
576,5181.449030021,5181.465632608,0.016602587000306812
577,5181.465639853,5181.483172885,0.017533032000756066
578,5181.483177574,5181.499135505,0.015957930999320524
579,5181.499141243,5181.51573196,0.01659071700032655
580,5181.515737625,5181.532371034,0.016633408999950916
581,5181.532376595,5181.549028161,0.016651566000291496
582,5181.549033918,5181.56572907,0.016695152000465896
583,5181.565734598,5181.58282542,0.017090821999772743
584,5181.582832849,5181.599223846,0.016390997000598873
585,5181.599230219,5181.615996924,0.016766705000009097
586,5181.616003764,5181.632771757,0.0167679930000304
587,5181.632796116,5181.649377916,0.016581800000494695
588,5181.649385637,5181.665997677,0.01661203999992722
589,5181.666007931,5181.682654487,0.016646555999614066
590,5181.682659619,5181.699311835,0.016652215999783948
591,5181.699320578,5181.716033234,0.016712655999981507
592,5181.716037934,5181.73280861,0.01677067599939619
593,5181.732813478,5181.749257571,0.01644409300024563
594,5181.749268356,5181.76600985,0.016741493999688828
595,5181.766016406,5181.782540035,0.01652362900040316
596,5181.782544341,5181.799019121,0.01647477999995317
597,5181.79902502,5181.815703752,0.016678732000400487
598,5181.815708792,5181.832404094,0.01669530199978908
599,5181.832437874,5181.849196726,0.016758851999838953
600,5181.849204883,5181.865736725,0.016531841999494645
601,5181.86574233,5181.88310055,0.017358219999550784
602,5181.883106115,5181.89940853,0.016302414999699977
603,5181.899415895,5181.915710565,0.01629467000020668
604,5181.915717415,5181.932450686,0.016733271000703098
605,5181.9324561,5181.949207336,0.016751235999436176
606,5181.949212177,5181.965919459,0.01670728200042504
607,5181.965924416,5181.982425797,0.016501381000125548
608,5181.982430528,5181.999189101,0.016758573000515753
609,5181.999195251,5182.015815525,0.016620274000160862
610,5182.015841361,5182.032501135,0.016659773999890604
611,5182.032505844,5182.04946357,0.01695772599941847
612,5182.049468983,5182.065934928,0.01646594500016363
613,5182.065940791,5182.082547446,0.016606655000032333
614,5182.08255329,5182.09936185,0.016808559999844874
615,5182.09936924,5182.116107936,0.01673869600017497
616,5182.116112736,5182.132436805,0.016324068999892916
617,5182.132442404,5182.149243115,0.01680071099963243
618,5182.149249648,5182.165795605,0.016545957000744238
619,5182.165801216,5182.182431432,0.016630216000521614
620,5182.182436325,5182.1990823,0.016645974999846658
621,5182.19908718,5182.215892423,0.016805242999907932
622,5182.215900121,5182.232456641,0.016556519999539887
623,5182.232461721,5182.249073695,0.016611974000625196
624,5182.249079296,5182.265783501,0.016704205000678485
625,5182.265789103,5182.282589335,0.016800231999695825
626,5182.282594732,5182.299245398,0.016650665999804914
627,5182.299253083,5182.315771185,0.016518102000190993
628,5182.31580557,5182.332446298,0.016640728000311356
629,5182.332451448,5182.349384653,0.01693320499998663
630,5182.349391797,5182.365746896,0.01635509900006582
631,5182.36576639,5182.382673439,0.01690704900011042
632,5182.382678336,5182.399250445,0.016572108999753254
633,5182.399257738,5182.415851565,0.016593826999269368
634,5182.415857423,5182.432455135,0.01659771200047544
635,5182.432459939,5182.44915059,0.016690650999407808
636,5182.449157865,5182.465871385,0.016713519999939308
637,5182.46587663,5182.482481057,0.016604426999947464
638,5182.482486958,5182.499295163,0.01680820500041591
639,5182.49930046,5182.515925311,0.016624850999505725
640,5182.51593094,5182.53431542,0.018384480000349868
641,5182.534320656,5182.548947291,0.01462663500024064
642,5182.548952871,5182.565753452,0.01680058099918824
643,5182.565760283,5182.582705701,0.016945418000432255
644,5182.582711322,5182.599060722,0.01634939999985363
645,5182.599069717,5182.615621201,0.016551484000046912
646,5182.615626758,5182.632326038,0.016699280000466388
647,5182.632330642,5182.648893375,0.01656273299977329
648,5182.64889935,5182.665589976,0.01669062600012694
649,5182.665596201,5182.68221428,0.01661807900018175
650,5182.682218897,5182.699037837,0.016818940000121074
651,5182.699043077,5182.715596178,0.01655310099977214
652,5182.715601235,5182.73223894,0.01663770499999373
653,5182.732243597,5182.748987458,0.01674386099966796
654,5182.748993663,5182.765526609,0.016532945999642834
655,5182.765531403,5182.782448632,0.016917228999773215
656,5182.782453379,5182.79886996,0.01641658100015775
657,5182.798875468,5182.815574098,0.01669863000006444
658,5182.815579785,5182.83239778,0.01681799499965564
659,5182.832404611,5182.849008951,0.01660433999950328
660,5182.849014555,5182.865518088,0.01650353299919516
661,5182.865525401,5182.882244208,0.01671880699996109
662,5182.882248998,5182.899067336,0.016818338000121003
663,5182.8990773,5182.915906725,0.0168294250006511
664,5182.915912488,5182.93226284,0.01635035199979029
665,5182.932268529,5182.949599929,0.017331400000330177
666,5182.949607075,5182.965633635,0.01602655999977287
667,5182.96566712,5182.982293683,0.016626562999590533
668,5182.982298405,5182.998983366,0.016684961000464682
669,5182.998989395,5183.01555684,0.01656744499996421
670,5183.015563405,5183.032332962,0.01676955699986138
671,5183.032338082,5183.049036578,0.016698495999662555
672,5183.049043113,5183.065602285,0.01655917199968826
673,5183.065607991,5183.082262091,0.016654099999868777
674,5183.082266636,5183.099045098,0.016778461999820138
675,5183.09905104,5183.115639765,0.01658872500047437
676,5183.115645296,5183.132393956,0.016748659999393567
677,5183.132399245,5183.148880715,0.016481470000144327
678,5183.148888296,5183.16561921,0.01673091399970872
679,5183.165634657,5183.182271719,0.016637061999972502
680,5183.182281046,5183.19888844,0.016607393999947817
681,5183.198907006,5183.215474328,0.01656732199990074
682,5183.215479138,5183.232223772,0.016744634000133374
683,5183.232228701,5183.248850065,0.01662136399954761
684,5183.24885523,5183.265518807,0.01666357700014487
685,5183.265523775,5183.282136743,0.01661296800011769
686,5183.28214239,5183.298892861,0.016750470999795652
687,5183.298898528,5183.31542278,0.016524251999726403
688,5183.315427498,5183.332230261,0.016802763000669074
689,5183.332235366,5183.348816183,0.016580817000431125
690,5183.348822386,5183.365525829,0.016703442999641993
691,5183.365530943,5183.382174611,0.016643668000142497
692,5183.382179764,5183.398955054,0.016775289999714005
693,5183.398961253,5183.415786958,0.016825704999973823
694,5183.415793968,5183.43268829,0.016894322000553075
695,5183.432693363,5183.449106166,0.016412803000093845
696,5183.449111611,5183.465713451,0.016601839999566437
697,5183.465720894,5183.482273406,0.016552512000089337
698,5183.482278076,5183.499130607,0.01685253100004047
699,5183.49913549,5183.515741876,0.016606385999693885
700,5183.515747476,5183.532289141,0.016541664999749628
701,5183.532295186,5183.549103486,0.016808299999865994
702,5183.549109891,5183.566043374,0.016933483000684646
703,5183.566049186,5183.582385598,0.016336411999873235
704,5183.582390368,5183.598880258,0.01648988999932044
705,5183.598885514,5183.615739581,0.016854066999258066
706,5183.615745081,5183.632330257,0.016585176000262436
707,5183.632334916,5183.649015189,0.01668027300001995
708,5183.649022766,5183.665768409,0.016745642999921984
709,5183.665774321,5183.682297777,0.01652345599995897
710,5183.682302432,5183.698966754,0.0166643219999969
711,5183.698972626,5183.715715842,0.016743215999667882
712,5183.71572056,5183.732614017,0.016893457000151102
713,5183.732621037,5183.74923069,0.016609653000159597
714,5183.749238566,5183.766036537,0.01679797100041469
715,5183.766043171,5183.782588566,0.01654539500032115
716,5183.782596084,5183.799223553,0.01662746900001366
717,5183.799231722,5183.815998618,0.016766896000262932
718,5183.816005354,5183.8325968,0.016591446000347787
719,5183.832603916,5183.849206002,0.016602085999693372
720,5183.849215734,5183.865859218,0.016643484000269382
721,5183.865864009,5183.882503716,0.01663970700064965
722,5183.882510861,5183.899186526,0.01667566500054818
723,5183.89919357,5183.916257282,0.017063711999981024
724,5183.916264724,5183.932597859,0.01633313500042277
725,5183.932604926,5183.949341011,0.01673608500004775
726,5183.949348041,5183.965932476,0.016584434999458608
727,5183.965939674,5183.982669838,0.01673016400036431
728,5183.982676739,5183.999320003,0.016643263999867486
729,5183.99932485,5184.015903754,0.01657890399928874
730,5184.015910727,5184.032541723,0.01663099599954876
731,5184.032550416,5184.049295993,0.016745576999710465
732,5184.049303086,5184.065868922,0.016565836000154377
733,5184.065874657,5184.082696436,0.016821779000565584
734,5184.082703138,5184.099372324,0.016669185999489855
735,5184.099379934,5184.116030214,0.016650279999339546
736,5184.116037407,5184.132835734,0.016798327000287827
737,5184.132842938,5184.149199258,0.01635632000034093
738,5184.149206993,5184.165968974,0.01676198099994508
739,5184.165975716,5184.182729659,0.016753943000367144
740,5184.182739217,5184.199319651,0.016580434000388777
741,5184.199326453,5184.215925152,0.016598698999587214
742,5184.215932314,5184.233360577,0.01742826299960143
743,5184.233367812,5184.249371214,0.016003402000023925
744,5184.249376354,5184.265993396,0.016617042000689253
745,5184.266000881,5184.282559091,0.016558209999857354
746,5184.282564526,5184.299245834,0.016681308000443096
747,5184.299252446,5184.316184913,0.016932467000515317
748,5184.316192963,5184.332723293,0.01653033000002324
749,5184.332727837,5184.349416792,0.016688955000063288
750,5184.349423578,5184.365875602,0.016452024000500387
751,5184.365882,5184.382738219,0.016856219000146666
752,5184.382746037,5184.399292726,0.016546688999369508
753,5184.39929892,5184.416015279,0.016716359000383818
754,5184.416022273,5184.432609763,0.016587490000347316
755,5184.432617678,5184.449428363,0.016810685000564263
756,5184.449434054,5184.465987606,0.016553552000004856
757,5184.465994861,5184.482649797,0.01665493600012269
758,5184.482656896,5184.49941158,0.016754684000261477
759,5184.499418572,5184.515974057,0.016555485000026238
760,5184.515991162,5184.5326523,0.016661138000017672
761,5184.532659373,5184.54928661,0.016627237000648165
762,5184.549295243,5184.565853088,0.01655784499962465
763,5184.565863957,5184.58271325,0.01684929299972282
764,5184.582720977,5184.599120121,0.016399144000388333
765,5184.599127483,5184.615900266,0.01677278299939644
766,5184.615905748,5184.632447684,0.016541936000066926
767,5184.63245232,5184.649057118,0.016604798000116716
768,5184.649062698,5184.665771814,0.016709116000129143
769,5184.665777266,5184.68243057,0.016653304000101343
770,5184.682435527,5184.699128401,0.016692874000000302
771,5184.699134279,5184.715721741,0.016587462000643427
772,5184.715728815,5184.732432494,0.016703678999874683
773,5184.732437972,5184.749248447,0.016810475000056613
774,5184.749253517,5184.76577911,0.016525592999641958
775,5184.765783693,5184.782392197,0.016608504000032553
776,5184.782397432,5184.799157764,0.01676033199964877
777,5184.799164124,5184.815809104,0.016644980000819487
778,5184.815814789,5184.832371807,0.016557017999730306
779,5184.832376489,5184.849075388,0.016698898999493395
780,5184.849081294,5184.865733704,0.016652410000460804
781,5184.865740301,5184.882385446,0.016645144999529293
782,5184.882390871,5184.899205568,0.01681469699997251
783,5184.899211381,5184.915776035,0.016564653999921575
784,5184.915780884,5184.932502171,0.01672128700010944
785,5184.932507214,5184.949105423,0.016598209000221686
786,5184.949110953,5184.965906586,0.016795632999674126
787,5184.965912191,5184.982631441,0.016719250000278407
788,5184.982636853,5184.999190473,0.016553620000195224
789,5184.999195541,5185.015783208,0.016587667000749207
790,5185.015788346,5185.032536542,0.016748196000662574
791,5185.032542369,5185.049135181,0.01659281199954421
792,5185.049140646,5185.065929066,0.016788420000011683
793,5185.065934818,5185.083012223,0.017077405000236467
794,5185.083017791,5185.099174714,0.016156922999471135
795,5185.099180238,5185.115944056,0.016763818000072206
796,5185.115949854,5185.132500122,0.016550268000173673
797,5185.132505037,5185.149274453,0.01676941599998827
798,5185.149279279,5185.165779118,0.016499838999152416
799,5185.165785004,5185.182403131,0.016618126999674132
800,5185.182408496,5185.199223649,0.016815152999697602
801,5185.19922825,5185.215852093,0.016623843000161287
802,5185.215857406,5185.232451561,0.016594154999438615
803,5185.232456598,5185.249254461,0.01679786300064734
804,5185.249259408,5185.265771676,0.01651226800004224
805,5185.265777021,5185.282483091,0.0167060700005095
806,5185.282487774,5185.299511402,0.01702362799915136
807,5185.299516461,5185.315776599,0.016260137999779545
808,5185.315782151,5185.332421384,0.016639232999295928
809,5185.332426766,5185.349267849,0.016841083000144863
810,5185.349272632,5185.365749616,0.01647698400029185
811,5185.365755391,5185.382426031,0.016670640000484127
812,5185.382432769,5185.399252961,0.0168201919996136
813,5185.399259278,5185.415953618,0.016694339999958174
814,5185.415959423,5185.432450693,0.016491270000187797
815,5185.432455417,5185.449210048,0.016754631000367226
816,5185.449214935,5185.465747318,0.01653238299968507
817,5185.465752836,5185.482662487,0.016909650999878068
818,5185.482667517,5185.499117968,0.01645045100030984
819,5185.499123858,5185.515790788,0.01666693000061059
820,5185.515796548,5185.532385849,0.016589300999839907
821,5185.532391644,5185.549365943,0.01697429900013958
822,5185.549371424,5185.565798031,0.016426606999630167
823,5185.565803714,5185.582419628,0.01661591399988538
824,5185.582425733,5185.599264763,0.016839030000483035
825,5185.599269688,5185.616112088,0.016842399999404734
826,5185.616117806,5185.632437119,0.016319313000167313
827,5185.632442556,5185.649203329,0.01676077299998724
828,5185.649208281,5185.665802286,0.01659400500011543
829,5185.665808281,5185.682441574,0.016633293000268168
830,5185.682447266,5185.699128499,0.01668123299987201
831,5185.699134524,5185.715878909,0.016744384999583417
832,5185.715887546,5185.732502117,0.016614570999990974
833,5185.732507315,5185.749120896,0.01661358100045618
834,5185.749126178,5185.765979504,0.016853326000273228
835,5185.765985288,5185.782566482,0.016581194000536925
836,5185.782571252,5185.79927132,0.016700068000318424
837,5185.799276324,5185.815886639,0.01661031500043464
838,5185.815892198,5185.832473494,0.016581295999458234
839,5185.832478854,5185.849176588,0.016697733999535558
840,5185.84919153,5185.865829186,0.016637656000057177
841,5185.865834541,5185.882455658,0.016621116999886
842,5185.882460404,5185.899180653,0.01672024900017277
843,5185.899186211,5185.915858203,0.0166719920007381
844,5185.915863961,5185.93263734,0.01677337900036946
845,5185.932642156,5185.949225498,0.016583341999648837
846,5185.949230319,5185.965771318,0.016540999000426382
847,5185.965791733,5185.982527929,0.016736196000238124
848,5185.982533253,5185.999373245,0.01683999200031394
849,5185.999380839,5186.015953184,0.016572344999985944
850,5186.015958516,5186.032448296,0.016489780000483734
851,5186.032453046,5186.049422599,0.01696955299939873
852,5186.049427756,5186.065818434,0.0163906779998797
853,5186.065823706,5186.082602084,0.01677837800070847
854,5186.082606809,5186.099212019,0.016605210000307125
855,5186.099216969,5186.115833119,0.01661615000011807
856,5186.11583782,5186.132566678,0.016728858000533364
857,5186.132572456,5186.149409213,0.016836756999509817
858,5186.149414452,5186.165834864,0.016420412000115903
859,5186.165840899,5186.182463821,0.016622922000351537
860,5186.182469036,5186.199229091,0.01676005500030442
861,5186.199234369,5186.215902739,0.01666836999993393
862,5186.215908198,5186.232461672,0.016553473999920243
863,5186.232466894,5186.24922997,0.0167630759997337
864,5186.249234648,5186.266034774,0.016800125999907323
865,5186.266040329,5186.282563854,0.016523524999684014
866,5186.282568674,5186.299197066,0.01662839199980226
867,5186.299202496,5186.315879126,0.01667662999989261
868,5186.315885478,5186.332502278,0.01661679999961052
869,5186.332508116,5186.349289963,0.016781846999947447
870,5186.349294593,5186.365879351,0.01658475800013548
871,5186.365884978,5186.382590644,0.016705665999324992
872,5186.382597589,5186.399160091,0.01656250199994247
873,5186.399165311,5186.415828573,0.01666326200029289
874,5186.415834106,5186.432603348,0.0167692420000094
875,5186.432615744,5186.449210293,0.01659454899981938
876,5186.449214952,5186.466077573,0.01686262099974556
877,5186.466085533,5186.483149541,0.01706400799957919
878,5186.483155091,5186.499282821,0.016127729999425355
879,5186.499287718,5186.515909618,0.016621899999336165
880,5186.515915279,5186.532517725,0.016602445999524207
881,5186.532522752,5186.549354848,0.016832096000143792
882,5186.549361162,5186.565873141,0.0165119789999153
883,5186.565878854,5186.582500298,0.016621443999611074
884,5186.582505572,5186.599189739,0.016684167000676098
885,5186.599204275,5186.616051103,0.016846827999870584
886,5186.616056819,5186.632556349,0.01649953000014648
887,5186.632561888,5186.649318456,0.016756568000346306
888,5186.649323325,5186.665828974,0.016505648999554978
889,5186.665834711,5186.682624093,0.016789382000752084
890,5186.682629771,5186.699191043,0.01656127199930779
891,5186.699196806,5186.715948028,0.01675122199958423
892,5186.715956029,5186.732596638,0.016640609000205586
893,5186.732602091,5186.749283565,0.016681473999597074
894,5186.749288696,5186.765921686,0.016632990000289283
895,5186.765929429,5186.782542002,0.016612573000202246
896,5186.782546884,5186.799218072,0.016671188000145776
897,5186.799223213,5186.815940679,0.016717466000045533
898,5186.815946323,5186.832605283,0.016658959999404033
899,5186.832610013,5186.84924337,0.016633357000500837
900,5186.849249635,5186.866042346,0.016792710999652627
901,5186.866048224,5186.882554236,0.016506011999808834
902,5186.88255928,5186.899300954,0.016741673999604245
903,5186.899305969,5186.915932211,0.016626241999802005
904,5186.915938124,5186.932541123,0.01660299900049722
905,5186.932549291,5186.949259331,0.01671003999945242
906,5186.949264152,5186.965933744,0.016669591999743716
907,5186.965939221,5186.98255245,0.01661322900054074
908,5186.982557661,5186.999220941,0.01666328000010253
909,5186.999225592,5187.015936787,0.016711195000425505
910,5187.015943237,5187.032619144,0.01667590699980792
911,5187.032624502,5187.049353321,0.016728819000491058
912,5187.049358232,5187.066030176,0.016671944000336225
913,5187.066035356,5187.082543737,0.01650838100067631
914,5187.082549221,5187.09923685,0.01668762900044385
915,5187.099242599,5187.115974365,0.016731765999793424
916,5187.11597908,5187.132696531,0.016717450999749417
917,5187.132701343,5187.149438082,0.016736739000407397
918,5187.149443511,5187.165904736,0.01646122500005731
919,5187.165910271,5187.182583174,0.01667290299974411
920,5187.18258809,5187.199274461,0.016686371000105282
921,5187.199279256,5187.216127509,0.0168482529998073
922,5187.216135724,5187.232639447,0.016503722999914316
923,5187.232644817,5187.249444042,0.016799224999886064
924,5187.249448577,5187.265968406,0.016519828999662423
925,5187.265973729,5187.282665737,0.01669200800006365
926,5187.282671047,5187.299294674,0.01662362699971709
927,5187.299299126,5187.315967216,0.016668090000166558
928,5187.315972512,5187.332543152,0.01657063999937236
929,5187.332548275,5187.349253657,0.016705382000509417
930,5187.34925889,5187.365851064,0.016592173999924853
931,5187.365856596,5187.382630335,0.0167737389992908
932,5187.382635099,5187.399218125,0.016583025999352685
933,5187.399222839,5187.415902324,0.016679485000167915
934,5187.415908847,5187.432691787,0.016782940000666713
935,5187.432697807,5187.449282606,0.016584799000156636
936,5187.449287459,5187.466025981,0.0167385220001961
937,5187.466031579,5187.482650967,0.01661938800043572
938,5187.482659021,5187.499271656,0.016612635000456066
939,5187.499276281,5187.515956716,0.016680435000125726
940,5187.515961857,5187.532622301,0.016660444000081043
941,5187.532627901,5187.549266045,0.01663814400035335
942,5187.549271456,5187.566017246,0.016745790000641136
943,5187.566026554,5187.582628544,0.016601989999799116
944,5187.582635387,5187.599300939,0.01666555200063158
945,5187.599305701,5187.615858203,0.01655250200019509
946,5187.615863364,5187.632744651,0.016881287000614975
947,5187.632750016,5187.649327461,0.016577445000621083
948,5187.649334121,5187.665993854,0.016659732999869448
949,5187.665999357,5187.682649727,0.01665037000020675
950,5187.682655574,5187.699336457,0.01668088299993542
951,5187.699341489,5187.715924752,0.016583263000029547
952,5187.715930322,5187.732634952,0.016704630000276666
953,5187.732640097,5187.749244384,0.016604287000518525
954,5187.749251392,5187.765998816,0.01674742400064133
955,5187.766004551,5187.782649101,0.01664454999990994
956,5187.782654662,5187.799353817,0.01669915500042407
957,5187.7993585,5187.815917324,0.01655882399973052
958,5187.815922841,5187.832641554,0.016718712999136187
959,5187.832647321,5187.849261635,0.016614314000435115
960,5187.849266373,5187.866049036,0.016782662999503373
961,5187.866054381,5187.882666911,0.01661253000020224
962,5187.882672621,5187.899467969,0.01679534800041438
963,5187.899474156,5187.916242272,0.01676811600009387
964,5187.916247113,5187.932903357,0.016656243999932485
965,5187.932909339,5187.949386255,0.016476916000101482
966,5187.949391016,5187.966070514,0.016679498000485182
967,5187.966076287,5187.982760642,0.016684355000506912
968,5187.982766346,5187.99926229,0.016495943999871088
969,5187.999267421,5188.015897084,0.016629663000458095
970,5188.015902769,5188.032554646,0.016651877000185777
971,5188.032560264,5188.049284912,0.01672464800049056
972,5188.049289752,5188.066303619,0.01701386700005969
973,5188.06631106,5188.082608576,0.016297516000122414
974,5188.082614276,5188.099275491,0.01666121500056761
975,5188.099280202,5188.115944337,0.016664134999700764
976,5188.115950034,5188.132602676,0.0166526419998263
977,5188.132607931,5188.149319486,0.01671155500025634
978,5188.149325137,5188.166303377,0.016978239999843936
979,5188.166309076,5188.182633101,0.01632402499944874
980,5188.182637811,5188.19933076,0.016692948999661894
981,5188.199335724,5188.215976714,0.016640990000269085
982,5188.215982552,5188.232684929,0.016702377000001434
983,5188.232690709,5188.249277288,0.016586578999522317
984,5188.249282394,5188.266086089,0.016803694999907748
985,5188.266091517,5188.282702346,0.01661082900045585
986,5188.282707819,5188.299236526,0.01652870699945197
987,5188.299244171,5188.315991102,0.016746930999943288
988,5188.315996799,5188.332649972,0.01665317300012248
989,5188.332655951,5188.349382957,0.016727006000110123
990,5188.349391282,5188.365964316,0.016573033999520703
991,5188.365979354,5188.382772789,0.01679343500018149
992,5188.382807459,5188.399245841,0.016438382000160345
993,5188.399251464,5188.415971751,0.016720286999770906
994,5188.415981059,5188.432563969,0.016582909999669937
995,5188.432569256,5188.449298365,0.016729109000152675
996,5188.449303232,5188.466182529,0.016879297000741644
997,5188.466189841,5188.482697917,0.01650807599980908
998,5188.482702632,5188.49924293,0.016540298000109033
999,5188.499249202,5188.516013089,0.01676388699979725
1000,5188.516048266,5188.53259845,0.016550183999243018
1001,5188.53260297,5188.549303166,0.016700195999874268
1002,5188.549310074,5188.565957306,0.016647232000650547
1003,5188.565963029,5188.582626644,0.016663614999743004
1004,5188.582632852,5188.599408935,0.016776082999967912
1005,5188.599414154,5188.615906272,0.01649211799940531
1006,5188.615911113,5188.632734789,0.016823676000058185
1007,5188.632740362,5188.649341643,0.016601281000475865
1008,5188.649346915,5188.667132653,0.0177857380003843
1009,5188.66713748,5188.682640336,0.015502856000239262
1010,5188.682646219,5188.699283577,0.016637357999570668
1011,5188.69928866,5188.716014766,0.01672610599962354
1012,5188.716048617,5188.732757959,0.016709342000467586
1013,5188.732763227,5188.749313564,0.016550336999898718
1014,5188.749318398,5188.766017314,0.016698916000677855
1015,5188.766022834,5188.78262629,0.01660345599975699
1016,5188.782631635,5188.799397333,0.016765698000199336
1017,5188.799402492,5188.816295125,0.016892632999770285
1018,5188.816303126,5188.832741036,0.016437909999694966
1019,5188.832746811,5188.849413482,0.01666667100016639
1020,5188.849418778,5188.865956389,0.01653761099987605
1021,5188.865961729,5188.882876687,0.01691495799968834
1022,5188.882885756,5188.899372502,0.01648674599982769
1023,5188.899378994,5188.916051577,0.016672583000399754
1024,5188.916057776,5188.932801789,0.016744012999879487
1025,5188.932807526,5188.949450444,0.016642917999888596
1026,5188.949456489,5188.966146549,0.016690059999746154
1027,5188.966152222,5188.98263521,0.01648298799955228
1028,5188.98264033,5188.999346436,0.016706106000128784
1029,5188.999351363,5189.016141702,0.01679033900018112
1030,5189.016153264,5189.032722941,0.016569677000006777
1031,5189.032728222,5189.049848917,0.017120695000812702
1032,5189.049856852,5189.066119059,0.01626220700018166
1033,5189.066124654,5189.082759137,0.016634482999506872
1034,5189.082765236,5189.099390603,0.016625366999505786
1035,5189.099395811,5189.116025327,0.016629515999738942
1036,5189.116031041,5189.132963938,0.016932897000515368
1037,5189.132969287,5189.149720836,0.016751548999309307
1038,5189.14972597,5189.166280977,0.01655500699962431
1039,5189.166289175,5189.182849061,0.016559885999413382
1040,5189.182855877,5189.199649682,0.01679380499990657
1041,5189.199656571,5189.216318734,0.01666216300054657
1042,5189.216324323,5189.233041768,0.01671744499981287
1043,5189.233048968,5189.249708764,0.01665979600056744
1044,5189.249715778,5189.266315398,0.01659962000030646
1045,5189.266322687,5189.282843645,0.016520958000000974
1046,5189.282848921,5189.299672486,0.016823565000777307
1047,5189.299679642,5189.316239175,0.016559532999963267
1048,5189.316246178,5189.333024453,0.016778274999524
1049,5189.333053762,5189.349681413,0.016627650999907928
1050,5189.349691207,5189.366469481,0.016778273999989324
1051,5189.366474637,5189.383003027,0.016528390000530635
1052,5189.383011745,5189.399629979,0.016618233999906806
1053,5189.399637924,5189.416292954,0.016655030000038096
1054,5189.416300676,5189.432894738,0.01659406199996738
1055,5189.432900213,5189.449825939,0.01692572600040876
1056,5189.449832952,5189.466236929,0.016403976999754377
1057,5189.466244325,5189.483006484,0.01676215899988165
1058,5189.483023015,5189.499682375,0.016659359999721346
1059,5189.499690475,5189.516229461,0.016538986000341538
1060,5189.516234482,5189.533142153,0.016907670999898983
1061,5189.533149133,5189.549611215,0.016462082000543887
1062,5189.549616674,5189.566162689,0.01654601499922137
1063,5189.566169692,5189.582887138,0.01671744600025704
1064,5189.582892249,5189.599759204,0.016866955000296002
1065,5189.599766415,5189.616420811,0.016654396000376437
1066,5189.616427318,5189.632879137,0.016451818999485113
1067,5189.632884601,5189.649635219,0.01675061799960531
1068,5189.649641095,5189.666341617,0.016700522000064666
1069,5189.666351939,5189.682900727,0.016548787999454362
1070,5189.682905714,5189.683020291,0.00011457699929451337
