,flip_time,pre_flip_time
0,0.021244216000013694,0.0017062920001080784
1,0.008727037999960885,0.00016062900022006943
2,0.00928006899994216,0.00015348599981734878
3,0.010128293999969173,0.00011385499965399504
4,0.00884832199972152,0.0001810670000850223
5,0.008817824999823642,0.00015920699979687924
6,0.009889563999877282,0.000104680999811535
7,0.00854203500011863,0.0002474679999977525
8,0.008609212000010302,0.00018202999990535318
9,0.010451190999901883,0.0001662639997448423
10,0.00839745099983702,0.00021442599972942844
11,0.008703097999841702,0.0001545680001981964
12,0.010263720999773795,0.00015790599991305498
13,0.009316154999851278,0.00016515500010427786
14,0.00889485399966361,0.00014828200028205174
15,0.010212614000010944,0.00011822499982372392
16,0.00918679799997335,0.000182999000116979
17,0.008870304000083706,0.0001312700001108169
18,0.009643270000196935,0.0002737729996624694
19,0.008644763000120292,0.00018664699973669485
20,0.008165534999989177,0.00015969900005075033
21,0.00937251400000605,0.00013850899995304644
22,0.009307736000209843,0.00015205299996523536
23,0.008910216000003857,0.00011489000007713912
24,0.009734673000366456,0.00025185399999827496
25,0.009552931000143872,0.0001490429999648768
26,0.008639850000236038,0.00019771000006585382
27,0.00906033599994771,0.00024267799972221837
28,0.009159726999769191,0.00017699999989417847
29,0.009207541999785462,0.00014248199977373588
30,0.009497883000221918,0.0001598869998815644
31,0.009170283999992535,0.00024667199977557175
32,0.008923617000164086,0.00020073400037290412
33,0.009679017000053136,0.00021350599990910268
34,0.013498275999609177,0.00019351299988557003
35,0.008966363000126876,0.0001387380002597638
36,0.009995739000260073,0.0001691399997980625
37,0.00936590699984663,0.00011727199989763903
38,0.009684694999577914,0.00015779300019858056
39,0.009401841999988392,0.00016064800001913682
40,0.009638155000175175,0.00014505099989037262
41,0.009328249999725813,0.00017040400007317658
42,0.009159184000054665,0.00018548499974713195
43,0.009594548000222858,0.0001660799998717266
44,0.009551406999889878,0.00017523099995742086
45,0.009712702999877365,0.00016311199988194858
46,0.009517964999758988,0.0001294039998356311
47,0.00969725799996013,0.00016039100000853068
48,0.009964164999928471,0.00014550000014423858
49,0.009574176999649353,0.00013382099996306351
50,0.009461456000281032,0.00016376900020986795
51,0.009555539999837492,0.00016396299997722963
52,0.009647517999837874,0.00018966000016007456
53,0.009494936000010057,0.00017307799998889095
54,0.009159542999896075,0.00017815499995776918
55,0.009563238000282581,0.00016902200013646507
56,0.009402244000284554,0.0001260130002265214
57,0.009081446999971376,0.00018109899974660948
58,0.009474080000018148,0.0001351519999843731
59,0.009469695999996475,0.00014563700005965075
60,0.00848127100016427,0.00019552300000214018
61,0.009106061000238697,0.00012853499993070727
62,0.008412544999828242,0.00018015600016951794
63,0.0092865750002602,0.0001675580001574417
64,0.00956687999996575,0.00020972000038455008
65,0.008749873999931879,0.00018157400018026237
66,0.008862153999871225,0.00017468200030634762
67,0.009490285000083531,0.00013031700018473202
68,0.009623549000025378,0.00011028400012946804
69,0.008470730000226467,0.00013033000004725181
70,0.013624054000047181,0.00017739299983077217
71,0.00773129599974709,0.00013508499978343025
72,0.009063740999863512,0.00018038500002148794
73,0.009619442999792227,0.0001863229999798932
74,0.009087345000352798,0.00018624599988470436
75,0.009705858999950578,0.0002692560001378297
76,0.008765526999923168,0.00013511499992091558
77,0.009735537999858934,0.00018359800014877692
78,0.009217058999638539,0.00019490399972710293
79,0.009368787999846973,0.00015199100016616285
80,0.009689741000329377,0.0001424619999852439
81,0.009018920000016806,0.00019350799993844703
82,0.008725747999960731,0.0001737030002004758
83,0.009688100999937888,0.00019524900017131586
84,0.008590532000198436,0.0001796900000954338
85,0.009584228000221628,0.00014380300035554683
86,0.009826966000218817,0.00021011899980294402
87,0.008994763999908173,0.00038948000019445317
88,0.009493800999734958,0.0001623110001673922
89,0.009661814000082813,0.00016323599993484095
90,0.009445223000057013,0.00016307199985021725
91,0.009624294000332156,0.00016404899997723987
92,0.00950651699986338,0.00014124300014373148
93,0.009762127000158216,0.00016887999981918256
94,0.009292120999816689,0.00017652699989412213
95,0.009759461000157899,0.00014413999997486826
96,0.00920931800010294,0.00017614199987292523
97,0.009317394999925455,0.00016770699994594906
98,0.009471257999848604,0.00017748499976733
99,0.009553154000059294,0.00017367999998896266
100,0.009426971999801026,0.0001276230000257783
101,0.009908652999911283,0.00012692500013145036
102,0.009170897999865701,0.0001857249999375199
103,0.008978806000413897,0.0001758779999363469
104,0.008853635000377835,0.00015766499973324244
105,0.009784520999801316,0.0001766440000210423
106,0.009146213999883912,0.00019085399981122464
107,0.009504274999926565,0.0001709099997242447
108,0.009501354000349238,0.00015751499995531049
109,0.016267319999769825,0.00014408400011234335
110,0.009715082000184339,0.00018869999985327013
111,0.009345927000140364,0.00021200600031079375
112,0.009671844999957102,0.00017582000009497278
113,0.009233372999915446,0.0001585049999448529
114,0.009720493000259012,0.00021144299989828141
115,0.009702304999791522,0.00016726100011510425
116,0.00952193500006615,0.0001569350001773273
117,0.009616292999908183,0.00013424100006886874
118,0.00929797199978566,0.00018271999988428433
119,0.009567576999870653,0.00015853900004003663
120,0.009600703000160138,0.0001597530003891734
121,0.009894528000131686,0.0001440729997739254
122,0.009008494000227074,0.0003651979995993315
123,0.009298325000145269,0.00017151300016848836
124,0.009759312999904068,0.00012511199975051568
125,0.009653164000155812,0.00011326300000291667
126,0.009697722000055364,0.0001706729999568779
127,0.009495727000285115,0.0001754200002324069
128,0.009591252000063832,0.000165640999966854
129,0.009651587000007567,0.00018747800004348392
130,0.009312987000157591,0.00018483900021237787
131,0.00971011899991936,0.0001591029999872262
132,0.009052959999735322,0.00016905899974517524
133,0.009239121000064188,0.00014957300027163
134,0.009616583000024548,0.00014488099986920133
135,0.00939163400016696,0.00014454099982685875
136,0.00967615499985186,0.00015654899971195846
137,0.009757135000199924,0.00014907900003890973
138,0.0091415860001689,0.00020172199992884998
139,0.009187300000121468,0.000203460000193445
140,0.009024801999657939,0.0001805050001166819
141,0.009680844999820692,0.00017483099964010762
142,0.008814785999675223,0.00019492699993861606
143,0.009350583000014012,0.00013779899973087595
144,0.009596988999874156,0.00013875000013285899
145,0.009972999999718013,0.00017135100006271387
146,0.03101221999986592,0.00015437100000781356
147,0.009137512999586761,0.0001167810000879399
148,0.0097082990000672,0.0002922440003203519
149,0.008931740000207355,0.00012495700002546073
150,0.009508308000022225,0.00018156200030716718
151,0.009373998000228312,0.00016613200023130048
152,0.009400373000062245,0.00013893799996367306
153,0.009175365999908536,0.00016821100007291534
154,0.009147199999915756,0.0001656190001995128
155,0.00944208000009894,0.00011744399989765952
156,0.008884599999873899,0.00018969299981108634
157,0.009042666999903304,0.0001791889999367413
158,0.009288157999890245,0.00022498899988931953
159,0.008462036000310036,0.0004248850000294624
160,0.009248763999949006,0.00018706199989537708
161,0.009153399000297213,0.0003923229996871669
162,0.009241321999979846,0.00018971100007547648
163,0.009624464999888005,0.00013255600015327218
164,0.009264270000130637,0.0001730069998302497
165,0.009414479000042775,0.0001853469998422952
166,0.009531782000067324,0.0001717670002108207
167,0.008898570999917865,0.00022281599967755028
168,0.00928447900014362,0.00017118400000981637
169,0.00937785799987978,0.00014990799991210224
170,0.009288811000260466,0.0001851689999057271
171,0.00914125100007368,0.0001256370001101459
172,0.009345236000172008,0.00019118599993817043
173,0.00933446199996979,0.0001774279999153805
174,0.008930811000027461,0.0001801419998628262
175,0.009365457000058086,0.00016962500012596138
176,0.0093785209996895,0.00015846199994484778
177,0.009083952999844769,0.00016972000003079302
178,0.008882791999894835,0.00013019900006838725
179,0.009337637000044197,0.00018753800031845458
180,0.009511149999980262,0.0002348820003135188
181,0.010230849999970815,0.0001656449999245524
182,0.008504986999923858,0.00018120400000043446
183,0.01453200400010246,0.00018763500020213542
184,0.018884633999732614,0.0002689230000214593
185,0.009603384999991249,0.00012763500035362085
186,0.009178602999782015,0.00012124100021537743
187,0.010071305000110442,0.00015625100013494375
188,0.00882471600016288,0.00012389299990900327
189,0.009262801999739168,0.00019914899985451484
190,0.009135778999734612,0.00020514800007731537
191,0.009471796000070754,0.00015271899974322878
192,0.00922975999992559,0.00016234299982897937
193,0.00909128100011003,0.000178895000317425
194,0.00923407500022222,0.00012759800029016333
195,0.00900360700006786,0.00012246799997228663
196,0.009287920000133454,0.00012807800021619187
197,0.009564969000166457,0.0001736980002533528
198,0.009558792000007088,0.0001799689998733811
199,0.009061038000254484,0.00019245599969508476
200,0.00922018199980812,0.00012954000021636602
201,0.00927811900010056,0.0001486460000705847
202,0.009617043000162084,0.00013846000001649372
203,0.009114030999626266,0.00024041899996518623
204,0.009379728000112664,0.0001726329996927234
205,0.009294658000271738,0.00018346500019106315
206,0.009383336000155396,0.00018444799979988602
207,0.009754106999935175,0.00016284100001939805
208,0.009256683999865345,0.00017959000024347915
209,0.015075689000241255,0.0001356310003757244
210,0.020259842000086792,0.0001313730003857927
211,0.009344592999696033,0.00017152400005215895
212,0.009467843000038556,0.00015892299961706158
213,0.009522225000182516,0.00014967500010243384
214,0.009413929999936954,0.00017441099998904974
215,0.009114162000059878,0.00018563899993750965
216,0.00934844899984455,0.00024432400005025556
217,0.009288004000154615,0.0002032570000665146
218,0.009352843999749894,0.00017938400014827494
219,0.014909139999872423,0.00015574100007142988
220,0.013714279999931023,0.0001884260000224458
221,0.010048221000033664,0.0001264759998775844
222,0.009186679999857006,0.00016146799998750794
223,0.010130106000360684,0.00011021000000255299
224,0.010070646999793098,0.00013655600014317315
225,0.010352610000154527,0.0001346079998256755
226,0.009526361000098404,0.00019123299989587395
227,0.00968365199969412,0.0001124329996855522
228,0.009313234000273951,0.0002071979997708695
229,0.00990783899987946,0.00012386600019453908
230,0.009996297999805392,0.00014280999994298327
231,0.010385615999894071,0.00014054800021767733
232,0.008941058999880624,0.00025783199998841155
233,0.009645805000218388,0.00015680000024076435
234,0.009215566999955627,0.00014583000029233517
235,0.009542861000227276,0.00018103799993696157
236,0.009754062000411068,0.00012395799967634957
237,0.009909260000313225,0.00022747599996364443
238,0.009832688000187773,0.0001264729999093106
239,0.009801745000004303,0.00014969199992265203
240,0.00993467399985093,0.00010190699958911864
241,0.009913451000102214,0.00015692000033595832
242,0.010041123000064545,0.00016437500016763806
243,0.01027680400011377,0.0001119789999393106
244,0.010160905999782699,0.00011829499999294057
245,0.009809958000005281,0.0001266929998564592
246,0.010104790999776014,0.00010999999994965037
247,0.010183192000113195,0.00011494099999254104
248,0.009928025000135676,0.00013062700008958927
249,0.010242206000384613,0.0001765910001267912
250,0.009893886000099883,0.00014456500002779649
251,0.010270213999774569,0.0001163940000878938
252,0.010066896999887831,0.00012329699984547915
253,0.010234721999950125,0.00011359500012986246
254,0.01018742199994449,0.00012167900013082544
255,0.010086580999995931,0.00011091199985457934
256,0.0102253620002557,0.00012254800003574928
257,0.03801110399990648,0.00010473399970578612
258,0.01000399499980631,0.00010321599984308705
259,0.009983141999782674,0.00016667699992467533
260,0.009915052999986074,0.00019645399970613653
261,0.010101603999828512,0.00017622799987293547
262,0.010343720000037138,0.00011036200021408149
263,0.009367784000005486,0.00013870200018573087
264,0.009919160999743326,0.0001250800000889285
265,0.010252293000121426,0.00011249699991822126
266,0.009482884000135527,0.00012104900042686495
267,0.009797214999707649,0.00017157000002043787
268,0.00943324499985465,0.00018024100018010358
269,0.009952719000011712,0.00011271499988652067
270,0.009674334000010276,0.00016305300005114987
271,0.00947604000020874,0.00014678400020784466
272,0.009078419999696052,0.00016988000015771831
273,0.00986515100021279,0.00017574100002093473
274,0.010183417000007466,0.0001247559998773795
275,0.010338467999645218,0.00021414899993033032
276,0.009428244999980961,0.00012069300009898143
277,0.010100546999638027,0.00010520400019231602
278,0.009853480999936437,0.00019585700010793516
279,0.009831292999933794,0.00014970900019761757
280,0.009835280000061175,0.00020250500028851093
281,0.009941802000412281,0.00012146500012022443
282,0.009907400999964011,0.00012955000011061202
283,0.009949299000254541,0.00016962099971351563
284,0.010344985999836354,0.00011474500024633016
285,0.009797079000236408,0.00010430600013933145
286,0.00989330099992003,0.00012620800043805502
287,0.010017418000188627,0.0001569579999340931
288,0.009920948999933898,0.00012694699989879155
289,0.010088812000049074,0.00011392500027795904
290,0.00983827999971254,0.0001576700001351128
291,0.010169282999868301,0.00011038200000257348
292,0.009970959999918705,0.0001358690001325158
293,0.009892916999888257,0.00013993299990033847
294,0.015713554000285512,0.00012541699970824993
295,0.01795770899980198,0.0002015320001191867
296,0.009651161999954638,0.00015630000007149647
297,0.009394545999839465,0.00017829900025390089
298,0.009758792999946309,0.00018954200004372979
299,0.009402793999925052,0.0001910820001285174
300,0.009484779000104027,0.00017302300011579064
301,0.009547504999773082,0.00015880499995546415
302,0.00945628299996315,0.00015581299976474838
303,0.010313175000192132,0.00010521100011828821
304,0.009172787999887078,0.00019529299970599823
305,0.009823877000144421,0.0001693429999249929
306,0.009745632999965892,0.0001774299998942297
307,0.0098409030001676,0.00013259499974083155
308,0.009886063000067224,0.00010715600001276471
309,0.009826065999732236,0.00014896299990141415
310,0.009823117999985698,0.0001621579999664391
311,0.010291863000020385,0.0001413069999216532
312,0.00907824099977006,0.00020001800021418603
313,0.01000265600032435,0.0001907669998217898
314,0.009458506000100897,0.0002606439998089627
315,0.009376516000429547,0.00017000800016830908
316,0.01001271099994483,0.00016186799985007383
317,0.00915948399961053,0.00015943499965942465
318,0.009909622999657586,0.00017196699991472997
319,0.009912242999689624,0.00013436300014291191
320,0.009962897999685083,0.0001324449999628996
321,0.010045709999758401,0.00011259500024607405
322,0.009846007999840367,0.00014831499993306352
323,0.009990938999635546,0.0001879760002339026
324,0.010017545000209793,0.00017794500035961391
325,0.009711143000004085,0.00012832699985665386
326,0.00964484900032403,0.0001245949997610296
327,0.009893880000163335,0.00022984299994277535
328,0.0099502550001489,0.00017424799989385065
329,0.010088384000027872,0.00010325499988539377
330,0.009674343999904522,0.00012212499996167026
331,0.009963910999886139,0.0002011420001508668
332,0.014550060000146914,0.00016709500005163136
333,0.009599301999969612,0.00016000200002963538
334,0.010001022999858833,0.0001329790002273512
335,0.010014528000283462,0.0001581269998496282
336,0.010007868999764469,0.0001454549997106369
337,0.009853336000105628,0.00012974900027984404
338,0.01006311299988738,0.00013047999982518377
339,0.00960611099981179,0.00011553200010894216
340,0.009804514000279596,0.0001940359998116037
341,0.009913369000059902,0.0001585089999025513
342,0.009435252000002947,0.00012362000006760354
343,0.009289816000091378,0.0001279610000892717
344,0.009874158000002353,0.00011245499990764074
345,0.00959953499977928,0.00012047300015183282
346,0.009677117000137514,0.00012793999985660776
347,0.009890694000205258,0.00014077300011194893
348,0.010133726999811188,0.00016345199992429116
349,0.009204994999890914,0.00016077999998742598
350,0.00939293200008251,0.000201139000182593
351,0.009341368999685074,0.0001420550001967058
352,0.009745347000261972,0.0001456500003769179
353,0.010021692999998777,0.00018156300029659178
354,0.009326934999990044,0.00017839099973571138
355,0.009456594999846857,0.0001519120000921248
356,0.009926677000294148,0.00011568399986572331
357,0.010182128999986162,0.00010664799992810003
358,0.010613937000016449,0.00017600199998923927
359,0.025170274999709363,0.00016700099968147697
360,0.025590894999822922,0.00016335700001945952
361,0.02217151599961653,0.00016229199991357746
362,0.02515536200007773,0.0006183380000948091
363,0.005960576000234141,0.00020312700007707463
364,0.00915991900001245,0.00018358199986323598
365,0.008523777999926097,0.00017892100004246458
366,0.009554194999964238,0.00015745400014566258
367,0.009548221999921225,0.00015970900039974367
368,0.00873784599980354,0.0001945580002029601
369,0.009139283999957115,0.0001830649998737499
370,0.01106861999960529,0.00018892900015998748
371,0.02275953300022593,0.00015036399963719305
372,0.009173516999908315,0.00014683300014439737
373,0.007854373999634845,0.00044098800026404206
374,0.008921804999772576,0.00014587699979529134
375,0.008190236999780609,0.00019769400023506023
376,0.009162355000171374,0.0002144310001312988
377,0.008054692999849067,0.00016443999993498437
378,0.009198437000122794,0.0002261099998577265
379,0.008013279000351758,0.00032984200015562237
380,0.010038304999852699,0.0001715510002213705
381,0.007484645000204182,0.0002898459997595637
382,0.008561467999697925,0.0001531499997327046
383,0.008809982999991917,0.00015235199998642202
384,0.009169042999928934,0.00021300800017343136
385,0.008881396000106179,0.00019724499998119427
386,0.008481964999646152,0.00020344500035207602
387,0.008957562999967195,0.00018450799962010933
388,0.009314152000115428,0.00015844499966988224
389,0.009190178000153537,0.00016909799978748197
390,0.00946570399992197,0.00015416999985973234
391,0.008431848999862268,0.0002213990001109778
392,0.009147006999683072,0.00018000599993683863
393,0.009230317000401556,0.0002369089997955598
394,0.008522913999968296,0.00022073400032240897
395,0.008786505999978544,0.00017087200012610992
396,0.010030259999894042,0.00018171600004279753
397,0.008707636000053753,0.00019155000018145074
398,0.0092408309997154,0.00017900300008477643
399,0.009775578000244423,0.00016861399990375503
400,0.009296441999595118,0.0001719890001368185
401,0.009488417999818921,0.0001630950000617304
402,0.009650416000113182,0.0001789170000847662
403,0.00944569200009937,0.00015102199995453702
404,0.009590146999926219,0.0001397529999849212
405,0.009694669000055,0.00021108600003572064
406,0.00953491700011,0.00011210999991817516
407,0.00972996000018611,0.00011744800031010527
408,0.009242725000149221,0.000133978000121715
409,0.009249738000107754,0.00016103500001918292
410,0.009551148999889847,0.00016400399999838555
411,0.00935080699991886,0.00015985499976522988
412,0.009145609000370314,0.00015590400016662898
413,0.009712697999930242,0.00023103700004867278
414,0.009230456999830494,0.0002367259999118687
415,0.009409131999746023,0.0001719310002954444
416,0.009382548999838036,0.00015188599991233787
417,0.009752496000146493,0.00010555900007602759
418,0.009450751999793283,0.00015862000009292387
419,0.008910446000299999,0.00016107700002976344
420,0.009678381999947305,0.00016860000005181064
421,0.008916636000321887,0.00016908399993553758
422,0.009773462999874027,0.00017933900016942061
423,0.009594036999715172,0.00016330000016751
424,0.009224080999956641,0.00017349399968225043
425,0.008837401000164391,0.00018675999990591663
426,0.009791751999728149,0.00013139099974068813
427,0.009499960999619361,0.00016064500005086302
428,0.008732587000395142,0.00017852999962997274
429,0.009891575999972702,0.00011092199974882533
430,0.009078976000182593,0.00015126900007089716
431,0.009592419000000518,0.00012545599975055666
432,0.009512649000043893,0.00016961199980869424
433,0.009183072000269021,0.00014510199980577454
434,0.00948426400009339,0.0001573200001985242
435,0.009501906000423332,0.00018010699977821787
436,0.009842687999935151,0.0001553980000608135
437,0.009503181999662047,0.00011629699974946561
438,0.009741600999859656,0.0001423830003659532
439,0.009675372999936371,0.0001166209999610146
440,0.009735897999689769,0.00010708299987527425
441,0.009697285000129341,0.00011958699997194344
442,0.009724893000111479,0.00016201399967030738
443,0.009518186000150308,0.00015052299977469374
444,0.009718688999782898,0.00012700899969786406
445,0.0094953800003168,0.0001214290000461915
446,0.00962656000001516,0.00012183399985588039
447,0.009609040999748686,0.00014012499968885095
448,0.009774721000212594,0.00010824999981196015
449,0.009651019000102679,0.00019248799981141929
450,0.009481936999691243,0.00018748100001175771
451,0.009445786000014778,0.00016116399956445093
452,0.009566064999944501,0.0001028940000651346
453,0.009905047999836825,0.00010476399984327145
454,0.009742767999796342,0.00017513600005258922
455,0.009571050999966246,0.00015443799975400907
456,0.009679589999905147,0.00010504500005481532
457,0.00965396099991267,0.00010566000037215417
458,0.009674883999650774,0.0002071849999083497
459,0.009609662999991997,0.00016855199964993517
460,0.009508095999990474,0.00013536400001612492
461,0.00986808400011796,0.00013484100009009126
462,0.009596222999789461,0.00011715599976014346
463,0.009628439000152866,0.00017107600024246494
464,0.00971611600016331,0.00010419399995953427
465,0.009697379000044748,0.00011128699998153024
466,0.00969019300009677,0.0001861279997683596
467,0.009730837999995856,0.00013805299977320828
468,0.009684934999768302,0.00017585899968253216
469,0.009790911999971286,0.00018018599985225592
470,0.009657678999701602,0.0001322070002061082
471,0.009492558000147255,0.00013339999986783369
472,0.009869827999864356,0.0001465420000386075
473,0.009463786999731383,0.00015343999984906986
474,0.009784653000224353,0.00013270900035422528
475,0.009520350999991933,0.000126924999676703
476,0.00944856499972957,0.00017108400015786174
477,0.009662939999998343,0.00010529500013944926
478,0.010012709999955405,0.00012328200000411016
479,0.00893535899967901,0.00027614999999059364
480,0.009449723999750859,0.0001811349998206424
481,0.009440970000014204,0.00018236599998999736
482,0.009932156000104442,0.00011399300001357915
483,0.00967270599994663,0.00015707800002928707
484,0.009559225999964838,0.00013816299997415626
485,0.009737209999912011,0.0001572660003148485
486,0.009437693000108993,0.0002157460003218148
487,0.009791241000129958,0.00012479699989853543
488,0.009549646999857941,0.00016609400017841836
489,0.009654616999796417,0.0001750910000737349
490,0.00974004399995465,0.00014524600010190625
491,0.009287483999742108,0.00019297800008644117
492,0.009509623000212741,0.00018115400007445714
493,0.009218356000019412,0.00016903499999898486
494,0.00935355100000379,0.00018313000009584357
495,0.011715383999671758,0.00019949700026700157
496,0.006826855000326759,0.00016771999980846886
497,0.009866827000223566,0.0002368880000176432
498,0.009147575000042707,0.00016128400011439226
499,0.009174347999760357,0.00018233399987366283
500,0.009691454999938287,0.00017474000014772173
501,0.009483205000378803,0.0001764280000315921
502,0.009321642000031716,0.00017315199966105865
503,0.009348428000066633,0.0001837939998949878
504,0.0096213350002472,0.00017881300027511315
505,0.00958779999973558,0.00017942700014828006
506,0.009472280999943905,0.00015420399995491607
507,0.009486108999681164,0.00017728899956637179
508,0.00971888999993098,0.00016477100007250556
509,0.00948985700006233,0.00017371399962939904
510,0.009497118000126648,0.00015665299997635884
511,0.00962136999987706,0.00017281300006288802
512,0.009147801999915828,0.00016846599964992492
513,0.009604083000340324,0.00015296399988073972
514,0.00944216600009895,0.00019126600000163307
515,0.008871561000432848,0.00017873699971460155
516,0.009264976999929786,0.00019315899999128305
517,0.009679732999757107,0.00019271500013928744
518,0.009469155000260798,0.00015437899992321036
519,0.009316197999851283,0.00017202999970322708
520,0.009905695999805175,0.00014536799972120207
521,0.00961242499988657,0.0001621629999135621
522,0.009569610999733413,0.0001428529999429884
523,0.00934093700016092,0.00017543399962960393
524,0.009475412000028882,0.00018660900013856008
525,0.00914170300029582,0.00022298099975159857
526,0.009560414000134188,0.00011915599998246762
527,0.00963099799992051,0.00021880200029045227
528,0.009307282000008854,0.00017989299976761686
529,0.009653810000145313,0.00010444100007589441
530,0.009431103000224539,0.00019675900011861813
531,0.009489533999840205,0.00017390199991496047
532,0.009873919000256137,0.0001287370000682131
533,0.009952714000064589,0.00011054300011892337
534,0.010098382999785827,0.00013003000003664056
535,0.010080864999963524,0.00013496500014298363
536,0.0101367269999173,0.0001975119998860464
537,0.009729459000027418,0.00012910199984617066
538,0.010020014000019728,0.0001343250000900298
539,0.010187650000261783,0.00011868499996126047
540,0.009512926999832416,0.00011488400014059152
541,0.01005716300005588,0.00012474499999370892
542,0.009609023999928468,0.0001782129997991433
543,0.010002487999827281,0.0002168000000892789
544,0.010021107999818923,0.0001256340001418721
545,0.009970390000034968,0.00011216999973839847
546,0.009954709999874467,0.00020577399982357747
547,0.010081258999889542,0.0001455360002182715
548,0.010186854000039602,0.00011472599999251543
549,0.009769638999841845,0.00020577199984472827
550,0.009984442000131821,0.00012792000006811577
551,0.009941618000084418,0.00011186299980181502
552,0.010242829999697278,0.00011864499992952915
553,0.010066254999856028,0.00011428000016167061
554,0.010178007999911642,0.00011294400019323803
555,0.00997024300022531,0.00012698400041699642
556,0.009859396000138076,0.00015566299998681643
557,0.010208727999724942,0.00011442599998190417
558,0.009417284999926778,0.00016156099991349038
559,0.009052886000063154,0.00014992100022936938
560,0.009548892000111664,0.00010989000020344974
561,0.00994069699981992,0.00014834500007054885
562,0.009990949999973964,0.00012539699991975795
563,0.010034573999746499,0.0001124419995903736
564,0.010131648999958998,0.00015259500014508376
565,0.010115661999861914,0.00012092399992980063
566,0.010074156999962725,0.00011924299997190246
567,0.009754100999998627,0.00019779000012931647
568,0.009952892999990581,0.00015698500010330463
569,0.010064743999919301,0.0001075459999810846
570,0.01018763999991279,0.00015418699967995053
571,0.010077221999836183,0.00013615800025945646
572,0.01005751999991844,0.00011345699977027834
573,0.010012433000156307,0.0001231979999829491
574,0.010099963000357093,0.000172599000052287
575,0.009988145000079385,0.00018348699995840434
576,0.010084151000228303,0.00013543699969886802
577,0.010085223999794835,0.00011812000002464629
578,0.01017439999986891,0.00013272199976199772
579,0.009352457999739272,0.0001887600001282408
580,0.00985773699994752,0.00011575799999263836
581,0.010005172000091989,0.0001513629999863042
582,0.009348392999982025,0.00011935700013054884
583,0.009884857000088232,0.0001468700002078549
584,0.009475771999859717,0.0001942609997058753
585,0.009477439000420418,0.0001664070000515494
586,0.009385796000060509,0.0001262460000361898
587,0.009481681999659486,0.0001592700000401237
588,0.009384805000081542,0.0002443660000608361
589,0.009606772000097408,0.0001256330001524475
590,0.009848190999946382,0.00014626499978476204
591,0.009983147000184545,0.00012291099983485765
592,0.009132050000062009,0.0001875019997896743
593,0.009444164000342425,0.0001557969999339548
594,0.010469652999745449,0.0001604429999133572
595,0.008667884999795206,0.0001598300000296149
596,0.009345864999886544,0.00011819400015156134
597,0.009715909999613359,0.00012021900010950048
598,0.009865859000001365,0.00015837399996598833
599,0.009938629000316723,0.00013489699995261617
600,0.00981293699987873,0.00011553000013009296
601,0.009836527000061324,0.0001583449998179276
602,0.009830301999954827,0.00017168800013678265
603,0.009655463999934,0.00021419399990918464
604,0.0095467070000268,0.00018003600007432397
605,0.00983709899992391,0.0001498030001130246
606,0.010336160999941058,0.00011094000001321547
607,0.009849323000253207,0.00011791500037361402
608,0.009884138999950665,0.00014141200017547817
609,0.009964607999791042,0.00015824199999769917
610,0.010046456000054604,0.00018469299993739696
611,0.009885590000067168,0.00011619399992923718
612,0.010023223999723996,0.0001580530001774605
613,0.009882586000003357,0.00018225299982077559
614,0.009437609000087832,0.0001330519999100943
615,0.009524762000182818,0.00014728600035596173
616,0.009718373999930918,0.00018085700003211969
617,0.009633693000068888,0.00010755900029835175
618,0.009467618999678962,0.00018581699987407774
619,0.009546804999899905,0.00012758399998347159
620,0.009107081999900402,0.00012555700004668324
621,0.00974712399965938,0.00013939600012236042
622,0.009352519999993092,0.00010970500034090946
623,0.009363457999825187,0.00012898599970867508
624,0.009466781999890372,0.0001271880000786041
625,0.009585105000041949,0.00017948400000022957
626,0.009046140000009473,0.00019604199997047544
627,0.00974455699997634,0.00014154299969959538
628,0.009565964000103122,0.00018909700020230957
629,0.009051608000390843,0.00019188099986422458
630,0.008478203999857215,0.0003137190001325507
631,0.009432437000214122,0.00019560100008675363
632,0.008964269999978569,0.00021053199998277705
633,0.009944109000116441,0.00016124499961733818
634,0.009387985000103072,0.00019955000016125268
635,0.009028555999975652,0.0001348620003227552
636,0.009725845000048139,0.000129594999634719
637,0.009446561999993719,0.00019095499965260387
638,0.009618541000236291,0.00013318999981493107
639,0.00973189199976332,0.00011990200027867104
640,0.009550018000027194,0.00013184799990995089
641,0.009503440999651502,0.00015577299973301706
642,0.00951107300033982,0.00019164000013915938
643,0.009927455000251939,0.0002156499999728112
644,0.008893974000329763,0.00020228399989719037
645,0.009558931999890774,0.00017075999994631275
646,0.009457131000090158,0.00015892000010353513
647,0.009562760000335402,0.00020071700009793858
648,0.009444175999760773,0.00014546400007020566
649,0.009507166999810579,0.00013799599992125877
650,0.009205616999679478,0.00015628900018782588
651,0.009659277000082511,0.00014613600023949402
652,0.009468106999975134,0.0001460870003029413
653,0.009196498999699543,0.00021340500006772345
654,0.009802424000099563,0.00012952599990967428
655,0.009860227999979543,0.0001428300001862226
656,0.009085468999728619,0.00011666399996101973
657,0.010052506999727484,0.0001248460002898355
658,0.009465739000006579,0.00012517699997260934
659,0.00929275399994367,0.0001297489998250967
660,0.009424141000181407,0.00016821999997773673
661,0.009063443999821175,0.00018265299968334148
662,0.009341472999949474,0.00018232899992653984
663,0.009366117999888957,0.00014102800014370587
664,0.009459261000301922,0.00012456300009944243
665,0.009392991999902733,0.00012714700005744817
666,0.009289153999816335,0.00012753400005749427
667,0.00987871899997117,0.00013450799997372087
668,0.009291717999985849,0.00015458300003956538
669,0.009850619999724586,0.00012217299990879837
670,0.009145085999989533,0.00015286300003936049
671,0.009558929999911925,0.00012261900019439054
672,0.009528876999866043,0.00011841800005640835
673,0.009430761000203347,0.0001229989998137171
674,0.009603530999811483,0.0001341520001005847
675,0.009471953000229405,0.00014769899962630006
676,0.009739795999848866,0.00019420799981162418
677,0.009547834999921179,0.00020909999966534087
678,0.009499589000370179,0.0001260300000467396
679,0.009640130000207137,0.00012611599959200248
680,0.009313990000009653,0.00026751699988381006
681,0.009588070000063453,0.00017044599962900975
682,0.009472270000060234,0.00012429999969754135
683,0.009332084999641665,0.00018838200003301608
684,0.009477312999933929,0.0002135579998139292
685,0.009383669000271766,0.0001239979997080809
686,0.009189817999867955,0.00014371900033438578
687,0.00974569199979669,0.00017375400011587772
688,0.009161889999631967,0.000146709000091505
689,0.00945778799996333,0.00013855699990017456
690,0.00980490700021619,0.00018653799997991882
691,0.014013828000315698,0.00011565800014068373
692,0.00464788099998259,0.00012782900012098253
693,0.009537460000046849,0.00011521099986566696
694,0.009442646000024979,0.00013873999978386564
695,0.009424800000033429,0.00011890699988725828
696,0.0096639549997235,0.0001341500001217355
697,0.009586198999841145,0.00012162099983470398
698,0.0094635840000592,0.00014875199985908694
699,0.009645943000123225,0.0001162389999080915
700,0.009192909000375948,0.00016789999972388614
701,0.009769679999863001,0.00014372800023920718
702,0.009294728999975632,0.0001722429997244035
703,0.0096001330002764,0.0001726069999676838
704,0.009427006999885634,0.0001795299999685085
705,0.00933174500005407,0.00018543200030762819
706,0.009790247000182717,0.00010669200037227711
707,0.009169883000140544,0.00017254599970328854
708,0.00956723699982831,0.00014892199988025823
709,0.009082114000193542,0.00018841200017050141
710,0.00944554599982439,0.00019669699986479827
711,0.009274454000205878,0.000196192999737832
712,0.009395798000241484,0.0001227400002790091
713,0.009702469000330893,0.00015535500006080838
714,0.009377545000006648,0.00023353500000666827
715,0.00924701699977959,0.00021290300037435372
716,0.009738701000060246,0.00015320900001825066
717,0.009475645000293298,0.00015821999977561063
718,0.010004720999859273,0.00015786599988132366
719,0.009196429999974498,0.00016491299993504072
720,0.009516397999959736,0.0002351789999011089
721,0.009141461000126583,0.00017901000001074863
722,0.009709260999898106,0.0001544560000183992
723,0.009489002999998775,0.00015729200003988808
724,0.009522154000023875,0.00016529300000911462
725,0.00978674600037266,0.00016279999999824213
726,0.009028370000123687,0.00019833399983326672
727,0.009256598000320082,0.00016024599972297437
728,0.009356778999972448,0.00017267700013690046
729,0.009797894000257656,0.0001488839998273761
730,0.009030660999997053,0.00029981100033182884
731,0.00935543100013092,0.0001658629998928518
732,0.010080926999762596,0.00011908600026799832
733,0.009477848000187805,0.0001650350000090839
734,0.009589593000328023,0.00015528299991274253
735,0.009503493000011076,0.00018619399997987784
736,0.009883591000289016,0.00014897699975335854
737,0.009553137999773753,0.0001645309998821176
738,0.009208120000039344,0.0001249289998668246
739,0.009467891999975109,0.0001621549999981653
740,0.00962109199963379,0.0001671180002631445
741,0.009192272999825946,0.0001778759997250745
742,0.00959206199968321,0.00018795799996951246
743,0.009452029999920342,0.00016975700009425054
744,0.009540571999878011,0.00016946400000961148
745,0.009446147999824461,0.00016556099990339135
746,0.009537140000247746,0.00013679199992111535
747,0.009587605000433541,0.00017768299994713743
748,0.009712692999983119,0.00013132599997334182
749,0.008794482000212156,0.0001732399996399181
750,0.009326504000000568,0.00017806799996833433
751,0.009023947999594384,0.00018236400001114816
752,0.009359161999782373,0.00017499200021120487
753,0.009450220999951853,0.00020079700016140123
754,0.0089372170000388,0.0002062900002783863
755,0.009700921999865386,0.00014651800029241713
756,0.009320439000020997,0.00020360600001367857
757,0.009249545999864495,0.00017211199974553892
758,0.019735230999685882,0.00015193400031421334
759,0.009860931999810418,0.00021650700000463985
760,0.009738597000250593,0.0001892079999379348
761,0.009688764999737032,0.00018038899997918634
762,0.00969456699976945,0.00021851700012121
763,0.00987630800000261,0.00017108100018958794
764,0.009905588000037824,0.0001713750002636516
765,0.01023371200017209,0.00017929199975696974
766,0.009722759000396763,0.00018304000013813493
767,0.009926652000103786,0.00015666399986002943
768,0.00972786400006953,0.00018870499980039313
769,0.009546920000047976,0.0002872780000870989
770,0.010121196999989479,0.00022639200005869498
771,0.010048335999726987,0.00012008999965473777
772,0.009903026999836584,0.00011528000004545902
773,0.010825469999872439,0.00013626199961436214
774,0.009845730000051844,0.0002442579998387373
775,0.010157833999983268,0.0001266399999622081
776,0.010563358999661432,0.000116634999812959
777,0.009978606999993644,0.0001240039996446285
778,0.009955967999758286,0.00011927800005651079
779,0.0107382129999678,0.00012789299989890424
780,0.009768420999989758,0.0001265409996449307
781,0.009892688000036287,0.00016931400023167953
782,0.010694248999698175,0.00013946699982625432
783,0.009826350999901479,0.00016987199978757417
784,0.010292835000200284,0.00012179899977127207
785,0.010449436999806494,0.00012006999986624578
786,0.01019682100013597,0.00012992399979339098
787,0.010333611000078236,0.00016456000003017834
788,0.010341598000195518,0.00011937599992961623
789,0.010459924999850045,0.0001263299996026035
790,0.010527022000133002,0.00012823299994124682
791,0.01059705399984523,0.00018396199993730988
792,0.010317211999790743,0.00021014599997215555
793,0.01058746200033056,0.00012890199968751404
794,0.01036344999965877,0.00012512800003605662
795,0.010578216999874712,0.00012792300003638957
796,0.010392454999873735,0.00013478500022756634
797,0.01062346799972147,0.00013390599997364916
798,0.010414757000035024,0.0001328170001215767
799,0.010256908999963343,0.0001378179999846907
800,0.010441092999826651,0.00011392100032026065
801,0.010302741000032256,0.00012295299984543817
802,0.010576459000276373,0.00010846199984371196
803,0.010141434999695775,0.0001895929999591317
804,0.010540499999933672,0.00012795199972970295
805,0.010291868999956932,0.0001546240000607213
806,0.010249101000226801,0.00011963099996137316
807,0.01100976499992612,0.00012774300012097228
808,0.00977557699980025,0.00016344499999831896
809,0.010262401000090904,0.0001978250002139248
810,0.00986427999987427,0.00013845600005879533
811,0.010097923999637715,0.0001386609997098276
812,0.010526909999953205,0.00017788600007406785
813,0.010071715999856679,0.00016837000021041604
814,0.009999459000027855,0.00016117699988171807
815,0.0102762569999868,0.0002380480000283569
816,0.009959087999959593,0.00016317600011461764
817,0.009928363999733847,0.00019840900040435372
818,0.01026656699968953,0.0001909359998535365
819,0.01065862899986314,0.00014473400005954318
820,0.008934315999795217,0.0004269279997970443
821,0.010357995000049414,0.0001577220000399393
822,0.009575197999765805,0.00016360500012524426
823,0.009438490000320598,0.00019522000002325512
824,0.009847811999861733,0.00043829500009451294
825,0.009921440999733022,0.0002094679998663196
826,0.009811802000058378,0.0001787440000953211
827,0.00940120899986141,0.00017824899987317622
828,0.01020560300003126,0.00023313399969993043
829,0.009793119999812916,0.00021220200005700462
830,0.009911853999710729,0.0001926790000652545
831,0.009684004999598983,0.00020189299993944587
832,0.0100549530002354,0.00019641800008685095
833,0.009925950999786437,0.00017903100024341256
834,0.010091404000377224,0.00018185900034950464
835,0.009720860000015819,0.0001412880001225858
836,0.010135141000318981,0.00017241299974557478
837,0.009971615000267775,0.00013870399970983271
838,0.010206604999893898,0.00012386099979266874
839,0.01039108800023314,0.00019313700022394187
840,0.010372134000135702,0.0001934859997163585
841,0.009969772000204102,0.00019679600018207566
842,0.010345140000026731,0.0001922510000440525
843,0.009862401000191312,0.00016846400012582308
844,0.01009518399996523,0.00015437699994436116
845,0.010144587000013416,0.00023803899966878816
846,0.011538289999862172,0.00020318499991844874
847,0.008765361000314442,0.00012273899983483716
848,0.0103467769999952,0.0001140690001193434
849,0.010415103000013914,0.00013456300030156854
850,0.010479506000137917,0.00012900999990961282
851,0.010484905999874172,0.00011923700003535487
852,0.01020177300006253,0.00012489500022638822
853,0.010401922000255581,0.00012339999966570758
854,0.010673259000213875,0.00014899799998602248
855,0.010541106999880867,0.0001421239999217505
856,0.010399079999842797,0.00012224400006743963
857,0.010386765000021114,0.00013499700025931816
858,0.010025402000337635,0.000165640999966854
859,0.010542358000293461,0.00012427899991962477
860,0.010546330000124726,0.00012852500003646128
861,0.0103476900003443,0.00013181699978304096
862,0.010402379999959521,0.00013217899959272472
863,0.01047177999998894,0.00011903099994015065
864,0.01055577799979801,0.00013212000021667336
865,0.010388745999989624,0.00011908599981325096
866,0.010739566000211198,0.00013583500003733207
867,0.010348449000048277,0.00016697500041118474
868,0.010501018000013573,0.00013015300010010833
869,0.010574677000022348,0.00015273999997589272
870,0.01012520799986305,0.00017463999984101974
871,0.010038419000011345,0.00014557300028172904
872,0.009949626999969041,0.00021437399982460192
873,0.010283895000156917,0.00013391199991019676
874,0.010078432000227622,0.0002274220000799687
875,0.010117228000126488,0.00012929500007885508
876,0.010320780000256491,0.00020142799985478632
877,0.010264776999974856,0.00013056199986749562
878,0.010592583999823546,0.00016953499971350539
879,0.009099359000174445,0.00018879900017054752
880,0.01048701899981097,0.00013484700002663885
881,0.010226669000076072,0.00013115499996274593
882,0.010251184000026115,0.00013970700001664227
883,0.010564936999799102,0.0001284079999095411
884,0.010261585000080231,0.0001225260002684081
885,0.010458215000198834,0.00013465199981510523
886,0.010307918000307836,0.00018565199980002944
887,0.01005068799986475,0.00016853099987201858
888,0.010083465999741748,0.00014824400022916961
889,0.010274410999954853,0.00018964799983223202
890,0.010468200000104844,0.00012815799982490717
891,0.010458836999987398,0.0001405689999955939
892,0.010442409999996016,0.0001336239997726807
893,0.010402422999959526,0.00019536299987521488
894,0.010360181000123703,0.00013523999996323255
895,0.010456501000135177,0.0001671959998930106
896,0.010498902000108501,0.00012903200013170135
897,0.010516535000078875,0.00013215399985710974
898,0.009685084000011557,0.00019797100003415835
899,0.010002899999562942,0.00015918300005068886
900,0.010028152000359114,0.00017082399972423445
901,0.010381342000073346,0.0001325320004070818
902,0.010365072999775293,0.00012016500022582477
903,0.010179841000081069,0.00016188700010388857
904,0.010389519999989716,0.00013270499994177953
905,0.010396194999884756,0.00013387199987846543
906,0.010388899000190577,0.00020949800000380492
907,0.010096907999923133,0.00013235699998404016
908,0.01012581399982082,0.0001117410001825192
909,0.010196765999808122,0.00020059199960087426
910,0.010051254999780213,0.00013682000007975148
911,0.010472202000073594,0.00013226800001575612
912,0.010518653999952221,0.00017443199976696633
913,0.010209061999830737,0.00024073899976428947
914,0.010323745000277995,0.0001299579998885747
915,0.010097367000071245,0.0001402980001330434
916,0.010365468000145484,0.00013621900006910437
917,0.010450916999616311,0.00012056700006723986
918,0.010141211999780353,0.00012603300001501339
919,0.009733117999985552,0.0001860500001384935
920,0.010298510000211536,0.00012186999992991332
921,0.010328213999855507,0.00013761199988948647
922,0.010255380000216974,0.00012738899977193796
923,0.010392081999725633,0.00011937399995076703
924,0.010064879999845289,0.00011593799990805564
925,0.010385825999946974,0.00015973200015650946
926,0.010482534999937343,0.0001706610000837827
927,0.010262265000164916,0.00020648600002459716
928,0.010490605000086362,0.00012396199963404797
929,0.010555176999787363,0.00011610799992922693
930,0.010392276999937167,0.00012161799986643018
931,0.010545426000135194,0.0001181809998342942
932,0.01035802300020805,0.00015008499985924573
933,0.010672684999917692,0.0001337090002380137
934,0.01046134800026266,0.00011201899997104192
935,0.010650531999999657,0.00012052300007781014
936,0.010446221000165679,0.0001282619996345602
937,0.010694906000026094,0.00011621499970715377
938,0.010335715000110213,0.00017009999965011957
939,0.010509836999972322,0.00012412799969752086
940,0.010351003999858222,0.0001341679999313783
941,0.010490683000170975,0.00011157600010847091
942,0.010546110999712255,0.00017373999980918597
943,0.010484533000180818,0.0001376430000163964
944,0.010480773999915982,0.00018700300006457837
945,0.010564799000349012,0.00013116199988871813
946,0.010401862999970035,0.00013714499982597772
947,0.01052831300012258,0.00010753200012914021
948,0.010419157999876916,0.00013969200017527328
949,0.010532849999890459,0.0001406570004292007
950,0.010263737000059336,0.00012216699997225078
951,0.010303795000254468,0.00015294400009224773
952,0.01042553700017379,0.00012484099988796515
953,0.01062093200016534,0.00011806099973910023
954,0.010276440999859915,0.00014454799975283095
955,0.01077316000009887,0.00010819699991770904
956,0.010565470000074129,0.00013634000015372294
957,0.010473634999925707,0.00013193499989938573
958,0.010645219999787514,0.00010743499979071203
959,0.010584691999611096,0.000125913999909244
960,0.010390754999662022,0.00013775900015389198
961,0.010462278999966657,0.00012891200003650738
962,0.010552884999924572,0.00011593499993978185
963,0.010712657000112813,0.00013947900015409687
964,0.01003149799998937,0.0002155870001843141
965,0.010207547999925737,0.00029927700006737723
966,0.010409329000140133,0.00019226800031901803
967,0.009946838000360003,0.0001850249996095954
968,0.01031624200004444,0.00012443700006770086
969,0.009797051000077772,0.00019294100002298364
970,0.010245206000035978,0.0001422830000592512
971,0.010360460999891075,0.00018828500014933525
972,0.010390012000243587,0.0001439029997527541
973,0.010416352999982337,0.00014615000009143841
974,0.0102625170002284,0.00016948200027400162
975,0.010392764000243915,0.00013909500012232456
976,0.010501764000309777,0.0001355300000795978
977,0.01073260900011519,0.000114070000108768
978,0.010252943000068626,0.00018374499995843507
979,0.010327630000119825,0.00013387299986789003
980,0.01067121899995982,0.0001348429996141931
981,0.010344390000227577,0.00013447499986796174
982,0.010440810000091005,0.00014359199985847226
983,0.010399369999959163,0.00012075099994035554
984,0.010346742000365339,0.00012024099987684167
985,0.01035546200000681,0.0001447949998691911
986,0.010275078000177018,0.00012116600009903777
987,0.01029838699969332,0.0001135309998971934
988,0.010197705999871687,0.0001341689999208029
989,0.010696100000131992,0.00011513199979162891
990,0.010486989000128233,0.00014433300020755269
991,0.010298833999968338,0.00020206299996061716
992,0.010301615000116726,0.00011998899981335853
993,0.010410843000045134,0.00016142699996635201
994,0.010429169999952137,0.00013068999987808638
995,0.010343723000005411,0.00011976799987678532
996,0.010490690000096947,0.00014356200017573428
997,0.010375468999882287,0.0001484809999965364
998,0.00999413799991089,0.00015865799969105865
999,0.010448173999975552,0.00013083299973004614
1000,0.010395112999958656,0.00013212500016379636
1001,0.01057490199991662,0.00012012200022581965
1002,0.010483474000011483,0.00013675099989995942
1003,0.010401423000075738,0.00016438900001958245
1004,0.01009915499980707,0.00013672800014319364
1005,0.010481122999863146,0.0001302770001530007
1006,0.01042133000009926,0.0001400279998051701
1007,0.010387688000264461,0.00012640299974009395
1008,0.011075394999807031,0.00021746099992014933
1009,0.009682266000254458,0.00012109899989809492
1010,0.010605439000300976,0.00020151299986537197
1011,0.010662673000297218,0.00013892000015403028
1012,0.009603247000086412,0.00015000599978520768
1013,0.009907456000291859,0.00018964500031870557
1014,0.010095753999848966,0.0001128199996855983
1015,0.010651468000105524,0.00012868600015281118
1016,0.010280719999627763,0.00020280899980207323
1017,0.010544472999754362,0.000137085999995179
1018,0.010476816999926086,0.00013604300011138548
1019,0.010639220000030036,0.00012060600010954659
1020,0.01031620899993868,0.00019120600018140976
1021,0.01044371800026056,0.00012909199995192466
1022,0.010539122999944084,0.00013882500024919864
1023,0.010327986999982386,0.0001412039996466774
1024,0.010155208000014682,0.00024991600002977066
1025,0.010213412999746652,0.00014467500022874447
1026,0.010706971999752568,0.0001299450000260549
1027,0.009953032999874267,0.00018348300000070594
1028,0.01019898499998817,0.00012872499974037055
1029,0.0104317909999736,0.0001262360001419438
1030,0.010366180000346503,0.00014004000013301265
1031,0.010575989999779267,0.0001291140001740132
1032,0.01054358700002922,0.00013521500022761757
1033,0.010430852999888884,0.00013153200006854604
1034,0.010192506000294088,0.0001266979998035822
1035,0.01052468299985776,0.00013204799961386016
1036,0.010230301999854419,0.00013986700014356757
1037,0.010278888999891933,0.000118722000024718
1038,0.01042077900001459,0.00014625599987994065
1039,0.010202741999819409,0.00016599399987171637
1040,0.010199324000041088,0.00013968999974167673
1041,0.01038304399980916,0.00013339900033315644
1042,0.010378940999999031,0.00013192500000513974
1043,0.010508128999845212,0.00013174700006857165
1044,0.01038581000011618,0.00013188000002628542
1045,0.010441559000355483,0.00013501700004781014
1046,0.0107706590001726,0.00013923999995313352
1047,0.009793895999791857,0.00025988500010498683
1048,0.010220430999652308,0.00013199899967730744
1049,0.01048088400011693,0.0001326149999840709
1050,0.010155124999982945,0.00011926399974981905
1051,0.010445292999975209,0.00013370899978326634
1052,0.01036223599976438,0.00011871100014104741
1053,0.0103538089997528,0.00011935800011997344
1054,0.010321983999801887,0.0002117869998983224
