	onset	duration	trial_type	real_time
0	0.778017766661165	15.000028799986467	preaudio_metronome	10:45:06:024921
1	1.6190512999892235	0.0	Trigger_received	10:45:06:876004
2	2.319671599980211	0.0	Trigger_received	10:45:07:576603
3	2.4194066999771167	0.0	Right-Max	10:45:07:676253
4	3.120547099999385	0.0	Trigger_received	10:45:08:377275
5	3.9201329999777954	0.0	Trigger_received	10:45:09:177373
6	4.6196471999865025	0.0	Trigger_received	10:45:09:876589
7	5.419414799980586	0.0	Trigger_received	10:45:10:676372
8	5.819717000005767	0.0	Left-Min	10:45:11:076709
9	6.219387099990854	0.0	Trigger_received	10:45:11:476331
10	6.919519799994305	0.0	Trigger_received	10:45:12:176514
11	7.720235699991463	0.0	Trigger_received	10:45:12:977358
12	7.819532900000922	0.0	Right-Max	10:45:13:076524
13	8.519801399990683	0.0	Trigger_received	10:45:13:776752
14	9.219484300003387	0.0	Trigger_received	10:45:14:476487
15	10.019749400002183	0.0	Trigger_received	10:45:15:276841
16	10.819771899987245	0.0	Trigger_received	10:45:16:076160
17	11.519565199996578	0.0	Trigger_received	10:45:16:776612
18	12.320936899981461	0.0	Left-Min	10:45:17:578036
19	12.32364879999659	0.0	Trigger_received	10:45:17:580032
20	13.119175100000575	0.0	Trigger_received	10:45:18:376251
21	13.819432999996934	0.0	Trigger_received	10:45:19:076096
22	14.619657400005963	0.0	Trigger_received	10:45:19:876666
23	15.419534399989061	0.0	Trigger_received	10:45:20:676623
24	16.119642799982103	0.0	Trigger_received	10:45:21:376739
25	16.219391399994493	0.0	Right-Max	10:45:21:476510
26	16.91925929998979	0.0	Trigger_received	10:45:22:176345
27	17.419582999980776	0.0	Left-Min	10:45:22:676714
28	17.719755400001304	0.0	Trigger_received	10:45:22:976776
29	18.418816199991852	0.0	Trigger_received	10:45:23:675919
30	18.719940899987705	0.0	Right-Max	10:45:23:976991
31	19.219339999981457	0.0	Trigger_received	10:45:24:476447
32	19.71898509998573	0.0	Left-Min	10:45:24:976058
33	20.022846699983347	0.0	Trigger_received	10:45:25:280153
34	20.719636699999683	0.0	Right-Max	10:45:25:976747
35	20.722381999978097	0.0	Trigger_received	10:45:25:979741
36	21.51911850000033	0.0	Trigger_received	10:45:26:776337
37	21.71916749997763	0.0	Left-Min	10:45:26:976345
38	22.31878999999026	0.0	Trigger_received	10:45:27:575379
39	22.91951369997696	0.0	Right-Max	10:45:28:176635
40	23.01895830000285	0.0	Trigger_received	10:45:28:276192
41	23.81907470000442	0.0	Trigger_received	10:45:29:076238
42	24.61957569999504	0.0	Trigger_received	10:45:29:876781
43	25.31968029998825	0.0	Trigger_received	10:45:30:576919
44	25.420512899989262	0.0	Left-Min	10:45:30:677756
45	26.11913859998458	0.0	Trigger_received	10:45:31:376342
46	26.919724999985192	0.0	Trigger_received	10:45:32:176935
47	27.61913119998644	0.0	Trigger_received	10:45:32:875884
48	28.41958089999389	0.0	Trigger_received	10:45:33:676852
49	28.719758599996567	0.0	Right-Max	10:45:33:976960
50	29.219604499987327	0.0	Trigger_received	10:45:34:476780
51	29.919472699984908	0.0	Trigger_received	10:45:35:176680
52	30.719733499980066	0.0	Trigger_received	10:45:35:976976
53	31.520465499983402	0.0	Trigger_received	10:45:36:777850
54	32.21934439998586	0.0	Trigger_received	10:45:37:476626
55	33.01954039998236	0.0	Trigger_received	10:45:38:276840
56	33.71925870000268	0.0	Left-Min	10:45:38:976653
57	33.81962409999687	0.0	Trigger_received	10:45:39:076843
58	34.51949949999107	0.0	Trigger_received	10:45:39:776812
59	35.319694799982244	0.0	Trigger_received	10:45:40:576982
60	36.01912809998612	0.0	Right-Max	10:45:41:276384
61	36.11917019999237	0.0	Trigger_received	10:45:41:376427
62	36.819512499991106	0.0	Trigger_received	10:45:42:076835
63	37.61929939998663	0.0	Trigger_received	10:45:42:876641
64	38.419608600001084	0.0	Trigger_received	10:45:43:676969
65	39.12059269999736	0.0	Trigger_received	10:45:44:378133
66	39.91937229997711	0.0	Trigger_received	10:45:45:176794
67	40.720813299994916	0.0	Trigger_received	10:45:45:977813
68	41.21901529998286	0.0	Left-Min	10:45:46:476535
69	41.51935109999613	0.0	Trigger_received	10:45:46:776716
70	42.21942829998443	0.0	Trigger_received	10:45:47:476868
71	43.01952619999065	0.0	Trigger_received	10:45:48:276872
72	43.818837800004985	0.0	Trigger_received	10:45:49:076436
73	44.31935799997882	0.0	Right-Max	10:45:49:576728
74	44.519536199979484	0.0	Trigger_received	10:45:49:776876
75	45.31966129998909	0.0	Trigger_received	10:45:50:577023
76	45.51880540000275	0.0	Left-Min	10:45:50:776382
77	46.11952619999647	0.0	Trigger_received	10:45:51:377025
78	46.81903759998386	0.0	Right-Max	10:45:52:076422
79	46.82188020000467	0.0	Trigger_received	10:45:52:079416
80	47.61949379998259	0.0	Trigger_received	10:45:52:876881
81	47.718966099986574	0.0	Left-Min	10:45:52:976359
82	48.419322799978545	0.0	Trigger_received	10:45:53:676805
83	48.619319699995685	0.0	Right-Max	10:45:53:876174
84	49.11899489999632	0.0	Trigger_received	10:45:54:376410
85	49.71881369999028	0.0	Left-Min	10:45:54:976426
86	49.92016789998161	0.0	Trigger_received	10:45:55:177594
87	50.71994700000505	0.0	Trigger_received	10:45:55:976854
88	51.11964970000554	0.0	Right-Max	10:45:56:377127
89	51.41937029999099	0.0	Trigger_received	10:45:56:676853
90	52.219686500000535	0.0	Trigger_received	10:45:57:477146
91	53.01912329997867	0.0	Trigger_received	10:45:58:276706
92	53.5193296999787	0.0	Left-Min	10:45:58:776802
93	53.719414499995764	0.0	Trigger_received	10:45:58:976446
94	54.519407899992075	0.0	Trigger_received	10:45:59:776869
95	55.3195877999824	0.0	Trigger_received	10:46:00:577195
96	56.01945469999919	0.0	Trigger_received	10:46:01:276976
97	56.819159599981504	0.0	Trigger_received	10:46:02:076687
98	57.21959409999545	0.0	Right-Max	10:46:02:477183
99	57.619541299995035	0.0	Trigger_received	10:46:02:877072
100	58.31938549998449	0.0	Trigger_received	10:46:03:576932
101	59.11921869998332	0.0	Trigger_received	10:46:04:376784
102	59.91923349999706	0.0	Trigger_received	10:46:05:176834
103	60.6193757999863	0.0	Trigger_received	10:46:05:876938
104	61.41907179998816	0.0	Trigger_received	10:46:06:676612
105	61.71943050000118	0.0	Left-Min	10:46:06:976970
106	62.21952149999561	0.0	Trigger_received	10:46:07:476931
107	62.91975449997699	0.0	Trigger_received	10:46:08:177544
108	63.719442799978424	0.0	Trigger_received	10:46:08:977058
109	64.51944760000333	0.0	Right-Max	10:46:09:776980
110	64.52243539999472	0.0	Trigger_received	10:46:09:780009
111	65.21959160000551	0.0	Trigger_received	10:46:10:477212
112	66.01957879998372	0.0	Trigger_received	10:46:11:277170
113	66.81931140000233	0.0	Trigger_received	10:46:12:076981
114	67.51949489998515	0.0	Trigger_received	10:46:12:777138
115	68.31951440000557	0.0	Trigger_received	10:46:13:577123
116	68.41881699999794	0.0	Left-Min	10:46:13:676637
117	69.1192899000016	0.0	Trigger_received	10:46:14:376990
118	69.82078369997907	0.0	Trigger_received	10:46:15:078525
119	70.6198022000026	0.0	Trigger_received	10:46:15:877404
120	71.41956459998619	0.0	Trigger_received	10:46:16:677350
121	71.91929799999343	0.0	Right-Max	10:46:17:176955
122	72.1195902999898	0.0	Trigger_received	10:46:17:377284
123	72.91961469998932	0.0	Trigger_received	10:46:18:177334
124	73.5205376999802	0.0	Left-Min	10:46:18:778304
125	73.71919069997966	0.0	Trigger_received	10:46:18:976949
126	74.41951889998745	0.0	Trigger_received	10:46:19:677242
127	74.71903759997804	0.0	Right-Max	10:46:19:976736
128	75.21900319997803	0.0	Trigger_received	10:46:20:476694
129	75.61929420000524	0.0	Left-Min	10:46:20:877021
130	76.01917099999264	0.0	Trigger_received	10:46:21:276940
131	76.71991809998872	0.0	Right-Max	10:46:21:977765
132	76.72298099999898	0.0	Trigger_received	10:46:21:980788
133	77.51942480000434	0.0	Trigger_received	10:46:22:777130
134	77.81923100000131	0.0	Left-Min	10:46:23:077165
135	78.31946339999558	0.0	Trigger_received	10:46:23:577176
136	79.0194618999958	0.0	Trigger_received	10:46:24:277286
137	79.1192744	0.0	Right-Max	10:46:24:376971
138	79.81984079998801	0.0	Trigger_received	10:46:25:077539
139	80.61943190000602	0.0	Trigger_received	10:46:25:877153
140	81.31957809999585	0.0	Left-Min	10:46:26:577358
141	81.32249759999104	0.0	Trigger_received	10:46:26:580352
142	82.11967519999598	0.0	Trigger_received	10:46:27:377391
143	82.91924049999216	0.0	Trigger_received	10:46:28:177064
144	83.61925659998087	0.0	Trigger_received	10:46:28:877080
145	84.41902939998545	0.0	Trigger_received	10:46:29:676850
146	85.21958229999291	0.0	Trigger_received	10:46:30:477380
147	85.61971999998786	0.0	Right-Max	10:46:30:877599
148	85.91922049998539	0.0	Trigger_received	10:46:31:177067
149	86.72100560000399	0.0	Trigger_received	10:46:31:979036
150	87.5192737999896	0.0	Trigger_received	10:46:32:777087
151	88.21942559999297	0.0	Trigger_received	10:46:33:477356
152	89.01944529998582	0.0	Trigger_received	10:46:34:277452
153	89.81966499998816	0.0	Left-Min	10:46:35:077487
154	89.82264810000197	0.0	Trigger_received	10:46:35:080481
155	90.51942289998988	0.0	Trigger_received	10:46:35:777311
156	91.31911479998962	0.0	Trigger_received	10:46:36:577019
157	92.11977479999769	0.0	Right-Max	10:46:37:377452
158	92.1227702999895	0.0	Trigger_received	10:46:37:380446
159	92.81900349998614	0.0	Trigger_received	10:46:38:076919
160	93.6195012999815	0.0	Trigger_received	10:46:38:877434
161	94.41913549997844	0.0	Trigger_received	10:46:39:677033
162	95.11943389999215	0.0	Trigger_received	10:46:40:377375
163	95.91937429999234	0.0	Trigger_received	10:46:41:177394
164	96.71918269997695	0.0	Trigger_received	10:46:41:977459
165	97.01934739999706	0.0	Left-Min	10:46:42:277287
166	97.4193725999794	0.0	Trigger_received	10:46:42:677355
167	98.21952309997869	0.0	Trigger_received	10:46:43:477508
168	99.01925089998986	0.0	Trigger_received	10:46:44:276659
169	99.71952509999392	0.0	Trigger_received	10:46:44:977528
170	100.21888709999621	0.0	Right-Max	10:46:45:476876
171	100.51925319997827	0.0	Trigger_received	10:46:45:777274
172	101.31934240000555	0.0	Trigger_received	10:46:46:577372
173	101.51907739997841	0.0	Left-Min	10:46:46:777263
174	102.01909099999466	0.0	Trigger_received	10:46:47:277118
175	102.81923789999564	0.0	Right-Max	10:46:48:077263
176	102.82220359999337	0.0	Trigger_received	10:46:48:080257
177	103.6195841000008	0.0	Trigger_received	10:46:48:877642
178	103.81863789999625	0.0	Left-Min	10:46:49:076846
179	104.31868749999558	0.0	Trigger_received	10:46:49:576796
180	104.71911629999522	0.0	Right-Max	10:46:49:977144
181	105.11942439997802	0.0	Trigger_received	10:46:50:377483
182	105.81921169999987	0.0	Left-Min	10:46:51:077317
183	105.91886049997993	0.0	Trigger_received	10:46:51:176877
184	106.61955209998996	0.0	Trigger_received	10:46:51:877864
185	107.01915819998248	0.0	Right-Max	10:46:52:277277
186	107.41910939998343	0.0	Trigger_received	10:46:52:676663
187	108.21926799998619	0.0	Trigger_received	10:46:53:477310
188	108.92009099997813	0.0	Trigger_received	10:46:54:178462
189	109.71934260000126	0.0	Trigger_received	10:46:54:977451
190	109.81889289998799	0.0	Left-Min	10:46:55:076976
191	110.51989389999653	0.0	Trigger_received	10:46:55:777944
192	111.21941599997808	0.0	Trigger_received	10:46:56:477600
193	112.01974869999685	0.0	Trigger_received	10:46:57:277886
194	112.81925209998735	0.0	Trigger_received	10:46:58:077410
195	113.41959049997968	0.0	Right-Max	10:46:58:677753
196	113.61937899998156	0.0	Trigger_received	10:46:58:877055
197	114.31930439997814	0.0	Trigger_received	10:46:59:577463
198	115.11982849999913	0.0	Trigger_received	10:47:00:377927
199	115.81981709998217	0.0	Trigger_received	10:47:01:078139
200	116.61961779999547	0.0	Trigger_received	10:47:01:877864
201	117.41939309998997	0.0	Trigger_received	10:47:02:677593
202	117.51928579999367	0.0	Left-Min	10:47:02:777466
203	118.2189649999782	0.0	Trigger_received	10:47:03:476841
204	118.91949219998787	0.0	Trigger_received	10:47:04:177704
205	119.71976569999242	0.0	Trigger_received	10:47:04:977935
206	119.81921149999835	0.0	Right-Max	10:47:05:077412
207	120.4194196999888	0.0	Trigger_received	10:47:05:677076
208	121.21935629998916	0.0	Trigger_received	10:47:06:477644
209	122.0189185999916	0.0	Trigger_received	10:47:07:277130
210	122.81930380000267	0.0	Trigger_received	10:47:08:077142
211	123.51950389999547	0.0	Trigger_received	10:47:08:777765
212	124.3190229999891	0.0	Trigger_received	10:47:09:577320
213	124.81937309997738	0.0	Left-Min	10:47:10:077632
214	125.11963649999234	0.0	Trigger_received	10:47:10:378027
215	125.81954209998366	0.0	Trigger_received	10:47:11:077837
216	126.61971440000343	0.0	Trigger_received	10:47:11:878013
217	127.4194478999998	0.0	Trigger_received	10:47:12:677809
218	128.1193946999847	0.0	Trigger_received	10:47:13:377708
219	128.2193610999966	0.0	Right-Max	10:47:13:477106
220	128.9194496999844	0.0	Trigger_received	10:47:14:177780
221	129.61914719999186	0.0	Left-Min	10:47:14:877456
222	129.71898919998785	0.0	Trigger_received	10:47:14:977363
223	130.41946129998541	0.0	Trigger_received	10:47:15:677870
224	130.8203062999819	0.0	Right-Max	10:47:16:078822
225	131.21945740000228	0.0	Trigger_received	10:47:16:477806
226	131.7190068999771	0.0	Left-Min	10:47:16:977395
227	132.0199192999862	0.0	Trigger_received	10:47:17:278315
228	132.71943959998316	0.0	Right-Max	10:47:17:977787
229	132.7225708999904	0.0	Trigger_received	10:47:17:980781
230	133.51994199998444	0.0	Trigger_received	10:47:18:778287
231	133.81970609998098	0.0	Left-Min	10:47:19:078037
232	134.31956309999805	0.0	Trigger_received	10:47:19:577985
233	135.01920389998122	0.0	Trigger_received	10:47:20:277639
234	135.31877869999153	0.0	Right-Max	10:47:20:577220
235	135.8193406999926	0.0	Trigger_received	10:47:21:077749
236	136.61965129998862	0.0	Trigger_received	10:47:21:878147
237	137.3194281999895	0.0	Trigger_received	10:47:22:577714
238	137.7192438999773	0.0	Left-Min	10:47:22:977636
239	138.1194365999836	0.0	Trigger_received	10:47:23:377815
240	138.92016629999853	0.0	Trigger_received	10:47:24:178788
241	139.61952519998886	0.0	Trigger_received	10:47:24:878023
242	140.41907099998207	0.0	Trigger_received	10:47:25:676931
243	141.21949600000517	0.0	Trigger_received	10:47:26:478058
244	141.7196376999782	0.0	Right-Max	10:47:26:978071
245	141.91936239998904	0.0	Trigger_received	10:47:27:177841
246	142.71933249998256	0.0	Trigger_received	10:47:27:977837
247	143.51970859998255	0.0	Trigger_received	10:47:28:778237
248	144.21933520000312	0.0	Trigger_received	10:47:29:477874
249	145.01966669998365	0.0	Trigger_received	10:47:30:278112
250	145.81962140000542	0.0	Left-Min	10:47:31:078098
251	145.82285789999878	0.0	Trigger_received	10:47:31:081034
252	146.51942599998438	0.0	Trigger_received	10:47:31:777960
253	147.31928539997898	0.0	Trigger_received	10:47:32:577775
254	147.91965759999584	0.0	Right-Max	10:47:33:177509
255	148.11954349998268	0.0	Trigger_received	10:47:33:377543
256	148.8190695999947	0.0	Trigger_received	10:47:34:077679
257	149.6196140999964	0.0	Trigger_received	10:47:34:877517
258	150.41972589999205	0.0	Trigger_received	10:47:35:678228
259	151.1194399999804	0.0	Trigger_received	10:47:36:377584
260	151.9194222999795	0.0	Trigger_received	10:47:37:177999
261	152.71983669998008	0.0	Trigger_received	10:47:37:978514
262	153.01960169998347	0.0	Left-Min	10:47:38:278128
263	153.41967249999288	0.0	Trigger_received	10:47:38:678223
264	154.21926569999778	0.0	Trigger_received	10:47:39:477882
265	155.0192530999775	0.0	Trigger_received	10:47:40:277461
266	155.71949519999907	0.0	Trigger_received	10:47:40:978104
267	156.11933769998723	0.0	Right-Max	10:47:41:378006
268	156.51951670000562	0.0	Trigger_received	10:47:41:778096
269	157.31953069998417	0.0	Trigger_received	10:47:42:578119
270	157.71943389999797	0.0	Left-Min	10:47:42:978063
271	158.01960199998575	0.0	Trigger_received	10:47:43:278115
272	158.7195232999802	0.0	Right-Max	10:47:43:978318
273	158.81935969999176	0.0	Trigger_received	10:47:44:078012
274	159.61949889999232	0.0	Trigger_received	10:47:44:878453
275	159.91945970000234	0.0	Left-Min	10:47:45:177577
276	160.3193163999822	0.0	Trigger_received	10:47:45:577982
277	160.61921889998484	0.0	Right-Max	10:47:45:877854
278	161.12028189998819	0.0	Trigger_received	10:47:46:379096
279	161.51939999999013	0.0	Left-Min	10:47:46:778065
280	161.91947059999802	0.0	Trigger_received	10:47:47:178113
281	162.61955239999224	0.0	Trigger_received	10:47:47:878294
282	163.11955750000197	0.0	Right-Max	10:47:48:378213
283	163.41941770000267	0.0	Trigger_received	10:47:48:678154
284	164.2195298000006	0.0	Trigger_received	10:47:49:478328
285	164.91946939998888	0.0	Trigger_received	10:47:50:178448
286	165.31919809998362	0.0	Left-Min	10:47:50:578094
287	165.71958629999426	0.0	Trigger_received	10:47:50:978441
288	166.51936639999622	0.0	Trigger_received	10:47:51:777964
289	167.21943989998545	0.0	Trigger_received	10:47:52:478225
290	168.01959609999903	0.0	Trigger_received	10:47:53:278350
291	168.82022049999796	0.0	Trigger_received	10:47:54:079000
292	169.4191166999808	0.0	Right-Max	10:47:54:677916
293	169.5194217999815	0.0	Trigger_received	10:47:54:778191
294	170.32046009998885	0.0	Trigger_received	10:47:55:579234
295	171.11924909998197	0.0	Trigger_received	10:47:56:378044
296	171.81940129998839	0.0	Trigger_received	10:47:57:078190
297	172.61971929998253	0.0	Trigger_received	10:47:57:878493
298	173.4193189999787	0.0	Trigger_received	10:47:58:678077
299	173.61994219999178	0.0	Left-Min	10:47:58:878311
300	174.11957099998835	0.0	Trigger_received	10:47:59:378359
301	174.91999719999149	0.0	Trigger_received	10:48:00:179004
302	175.71935349999694	0.0	Trigger_received	10:48:00:978196
303	175.81911089998903	0.0	Right-Max	10:48:01:077908
304	176.4192711999931	0.0	Trigger_received	10:48:01:678169
305	177.21949429999222	0.0	Trigger_received	10:48:02:478342
306	178.01945550000528	0.0	Trigger_received	10:48:03:278440
307	178.71931929999846	0.0	Trigger_received	10:48:03:978239
308	179.52013439999428	0.0	Trigger_received	10:48:04:778851
309	180.3195177000016	0.0	Trigger_received	10:48:05:578345
310	180.8191683999903	0.0	Left-Min	10:48:06:078032
311	181.01933479998843	0.0	Trigger_received	10:48:06:278233
312	181.81928539997898	0.0	Trigger_received	10:48:07:077638
313	182.61937649999163	0.0	Trigger_received	10:48:07:878241
314	183.3193683999998	0.0	Trigger_received	10:48:08:578342
315	184.01911069999915	0.0	Right-Max	10:48:09:278010
316	184.11909599998035	0.0	Trigger_received	10:48:09:378019
317	184.91954809997696	0.0	Trigger_received	10:48:10:178488
318	185.61934360000305	0.0	Trigger_received	10:48:10:878557
319	185.91894639999373	0.0	Left-Min	10:48:11:178062
320	186.41946819997975	0.0	Trigger_received	10:48:11:678470
321	186.6189078000025	0.0	Right-Max	10:48:11:877753
322	187.2196488000045	0.0	Trigger_received	10:48:12:478709
323	187.51951429998735	0.0	Left-Min	10:48:12:778461
324	187.9204613000038	0.0	Trigger_received	10:48:13:179623
325	188.61909409999498	0.0	Right-Max	10:48:13:878028
326	188.7190322999959	0.0	Trigger_received	10:48:13:977997
327	189.51918309999746	0.0	Trigger_received	10:48:14:777835
328	189.71909519998007	0.0	Left-Min	10:48:14:978050
329	190.21907429999555	0.0	Trigger_received	10:48:15:478082
330	191.01931709999917	0.0	Trigger_received	10:48:16:278334
331	191.11932779999916	0.0	Right-Max	10:48:16:378435
332	191.81919700000435	0.0	Trigger_received	10:48:17:078150
333	192.6194140999869	0.0	Trigger_received	10:48:17:878468
334	193.318996099988	0.0	Trigger_received	10:48:18:578072
335	193.51884789997712	0.0	Left-Min	10:48:18:777886
336	194.1192484999774	0.0	Trigger_received	10:48:19:378237
337	194.81928830000106	0.0	Trigger_received	10:48:20:078274
338	195.61923319997732	0.0	Trigger_received	10:48:20:878198
339	196.4191453999956	0.0	Trigger_received	10:48:21:678148
340	197.21947979999823	0.0	Trigger_received	10:48:22:478791
341	197.61904839999625	0.0	Right-Max	10:48:22:878287
342	197.91910020000068	0.0	Trigger_received	10:48:23:178161
343	198.7193719999923	0.0	Trigger_received	10:48:23:978421
344	199.41937119999784	0.0	Trigger_received	10:48:24:678471
345	200.2193927000044	0.0	Trigger_received	10:48:25:478671
346	201.019364399981	0.0	Trigger_received	10:48:26:278352
347	201.71887099999003	0.0	Left-Min	10:48:26:977899
348	201.81872539999313	0.0	Trigger_received	10:48:27:077878
349	202.5186931999924	0.0	Trigger_received	10:48:27:777832
350	203.31944839999778	0.0	Trigger_received	10:48:28:578591
351	204.0192709999974	0.0	Right-Max	10:48:29:278376
352	204.119162899995	0.0	Trigger_received	10:48:29:377870
353	204.81936949997908	0.0	Trigger_received	10:48:30:078539
354	205.61948379999376	0.0	Trigger_received	10:48:30:878590
355	206.41941819997737	0.0	Trigger_received	10:48:31:678616
356	207.11934669999755	0.0	Trigger_received	10:48:32:378530
357	207.91914369998267	0.0	Trigger_received	10:48:33:178290
358	208.71954289998394	0.0	Trigger_received	10:48:33:978784
359	208.91966590000084	0.0	Left-Min	10:48:34:178833
360	209.41918749999604	0.0	Trigger_received	10:48:34:678384
361	210.21945609999239	0.0	Trigger_received	10:48:35:478610
362	211.0200297999836	0.0	Trigger_received	10:48:36:279323
363	211.7195998999814	0.0	Trigger_received	10:48:36:978819
364	212.11913869998534	0.0	Right-Max	10:48:37:378411
365	212.51902819998213	0.0	Trigger_received	10:48:37:778404
366	213.31934109999565	0.0	Trigger_received	10:48:38:578617
367	213.41937859999598	0.0	Left-Min	10:48:38:678586
368	214.01923509998596	0.0	Trigger_received	10:48:39:277969
369	214.81943730000057	0.0	Right-Max	10:48:40:078633
370	214.82290820000344	0.0	Trigger_received	10:48:40:081626
371	215.61929439997766	0.0	Left-Min	10:48:40:878546
372	215.62278720000177	0.0	Trigger_received	10:48:40:881540
373	216.31933549998212	0.0	Trigger_received	10:48:41:578106
374	216.71889609997743	0.0	Right-Max	10:48:41:978082
375	217.1192073999846	0.0	Trigger_received	10:48:42:378421
376	217.7200135999883	0.0	Left-Min	10:48:42:979456
377	217.91961859998992	0.0	Trigger_received	10:48:43:178946
378	218.61912039999152	0.0	Trigger_received	10:48:43:878404
379	219.11928980000084	0.0	Right-Max	10:48:44:378565
380	219.41932210000232	0.0	Trigger_received	10:48:44:678852
381	220.2196575999842	0.0	Trigger_received	10:48:45:478834
382	220.92065759998513	0.0	Trigger_received	10:48:46:180124
383	221.01905770000303	0.0	Left-Min	10:48:46:278332
384	221.71911779997754	0.0	Trigger_received	10:48:46:978373
385	222.5201037999941	0.0	Trigger_received	10:48:47:779670
386	223.2194382000016	0.0	Trigger_received	10:48:48:478755
387	224.01917669997783	0.0	Trigger_received	10:48:49:278497
388	224.81918579997728	0.0	Trigger_received	10:48:50:078655
389	225.51924969998072	0.0	Trigger_received	10:48:50:778234
390	225.6193061999802	0.0	Right-Max	10:48:50:878583
391	226.31948939998983	0.0	Trigger_received	10:48:51:578888
392	227.11956729998928	0.0	Trigger_received	10:48:52:378987
393	227.81889059999958	0.0	Trigger_received	10:48:53:078281
394	228.61910300000454	0.0	Trigger_received	10:48:53:878534
395	229.4191004000022	0.0	Trigger_received	10:48:54:678496
396	230.01962399997865	0.0	Left-Min	10:48:55:279018
397	230.11915339998086	0.0	Trigger_received	10:48:55:378574
398	230.92015019999235	0.0	Trigger_received	10:48:56:179700
399	231.71923319998314	0.0	Trigger_received	10:48:56:978720
400	232.01954069998465	0.0	Right-Max	10:48:57:278966
401	232.41927319997922	0.0	Trigger_received	10:48:57:678710
402	233.21931149999727	0.0	Trigger_received	10:48:58:478723
403	234.019000100001	0.0	Trigger_received	10:48:59:278564
404	234.71885119998478	0.0	Trigger_received	10:48:59:978343
405	235.519386400003	0.0	Trigger_received	10:49:00:778868
406	236.3190365000046	0.0	Trigger_received	10:49:01:578559
407	236.91953519999515	0.0	Left-Min	10:49:02:179009
408	237.0188777000003	0.0	Trigger_received	10:49:02:278379
409	237.81960109999636	0.0	Trigger_received	10:49:03:079111
410	238.61940329999197	0.0	Trigger_received	10:49:03:878503
411	239.31921610000427	0.0	Trigger_received	10:49:04:578724
412	240.11941699997988	0.0	Trigger_received	10:49:05:378388
413	240.31936599998153	0.0	Right-Max	10:49:05:578850
414	240.91973939997843	0.0	Trigger_received	10:49:06:179192
415	241.41892389999703	0.0	Left-Min	10:49:06:678649
416	241.6194308999984	0.0	Trigger_received	10:49:06:878966
417	242.41954659999465	0.0	Trigger_received	10:49:07:679090
418	242.619266099995	0.0	Right-Max	10:49:07:878211
419	243.21966549998615	0.0	Trigger_received	10:49:08:479172
420	243.81933949998347	0.0	Left-Min	10:49:09:079049
421	243.91913779999595	0.0	Trigger_received	10:49:09:178296
422	244.71948929998325	0.0	Right-Max	10:49:09:979122
423	244.7230093999824	0.0	Trigger_received	10:49:09:982116
424	245.51935240000603	0.0	Trigger_received	10:49:10:778957
425	245.81941169998026	0.0	Left-Min	10:49:11:079040
426	246.21930440000142	0.0	Trigger_received	10:49:11:478908
427	247.019307199982	0.0	Trigger_received	10:49:12:278908
428	247.2190733999887	0.0	Right-Max	10:49:12:478647
429	247.81948619999457	0.0	Trigger_received	10:49:13:079039
430	248.51963659998728	0.0	Trigger_received	10:49:13:779221
431	249.32010199999786	0.0	Trigger_received	10:49:14:579900
432	249.61966679999023	0.0	Left-Min	10:49:14:879250
433	250.11908119998407	0.0	Trigger_received	10:49:15:378733
434	250.81894239998655	0.0	Trigger_received	10:49:16:078588
435	251.61933379998663	0.0	Trigger_received	10:49:16:879035
436	252.41960299998755	0.0	Trigger_received	10:49:17:679212
437	253.11913479998475	0.0	Trigger_received	10:49:18:378792
438	253.81948679999914	0.0	Right-Max	10:49:19:078627
439	253.9191508999793	0.0	Trigger_received	10:49:19:178878
440	254.71916589999455	0.0	Trigger_received	10:49:19:978846
441	255.41948779998347	0.0	Trigger_received	10:49:20:679175
442	256.21924089998356	0.0	Trigger_received	10:49:21:478943
443	257.02074399997946	0.0	Trigger_received	10:49:22:280575
444	257.5185935999907	0.0	Left-Min	10:49:22:778484
445	257.71925749999355	0.0	Trigger_received	10:49:22:978970
446	258.5190883000032	0.0	Trigger_received	10:49:23:778811
447	259.31943169998704	0.0	Trigger_received	10:49:24:578514
448	260.0194722999877	0.0	Trigger_received	10:49:25:279263
449	260.11920099999406	0.0	Right-Max	10:49:25:378860
450	260.81931649998296	0.0	Trigger_received	10:49:26:079119
451	261.61928749998333	0.0	Trigger_received	10:49:26:878994
452	262.3193404999911	0.0	Trigger_received	10:49:27:579096
453	263.1135005999822	0.0	Trigger_received	10:49:28:373588
454	263.92190879999544	0.0	Trigger_received	10:49:29:181638
455	264.6172033000039	0.0	Trigger_received	10:49:29:876991
456	265.4222702999832	0.0	Left-Min	10:49:30:682301
457	265.42585770000005	0.0	Trigger_received	10:49:30:685365
458	266.2136424999917	0.0	Trigger_received	10:49:31:473193
459	266.9224956999824	0.0	Trigger_received	10:49:32:182359
460	267.713207599998	0.0	Trigger_received	10:49:32:972923
461	268.31255030000466	0.0	Right-Max	10:49:33:572544
462	268.5167475999915	0.0	Trigger_received	10:49:33:776540
463	269.3226410999778	0.0	Trigger_received	10:49:34:582512
464	269.92208679998294	0.0	Left-Min	10:49:35:182214
465	270.01723850000417	0.0	Trigger_received	10:49:35:277067
466	270.8217620999785	0.0	Trigger_received	10:49:36:081210
467	270.9168340000033	0.0	Right-Max	10:49:36:176649
468	271.6135942999972	0.0	Trigger_received	10:49:36:873474
469	271.9134935000038	0.0	Left-Min	10:49:37:173322
470	272.3217449999938	0.0	Trigger_received	10:49:37:581016
471	272.92178969999077	0.0	Right-Max	10:49:38:181303
472	273.1133961000014	0.0	Trigger_received	10:49:38:373392
473	273.82252139999764	0.0	Trigger_received	10:49:39:082582
474	273.9174535999773	0.0	Left-Min	10:49:39:177317
475	274.61362809999264	0.0	Trigger_received	10:49:39:873427
476	275.32192369998666	0.0	Right-Max	10:49:40:581386
477	275.41758389997995	0.0	Trigger_received	10:49:40:677376
478	276.2225048999826	0.0	Trigger_received	10:49:41:481847
479	276.91760929999873	0.0	Trigger_received	10:49:42:177482
480	277.5172332999937	0.0	Left-Min	10:49:42:777334
481	277.72249230000307	0.0	Trigger_received	10:49:42:982036
482	278.51345129997935	0.0	Trigger_received	10:49:43:773416
483	279.2219692999788	0.0	Trigger_received	10:49:44:481809
484	280.01390769999125	0.0	Trigger_received	10:49:45:273868
485	280.7221783999994	0.0	Trigger_received	10:49:45:981999
486	281.41774249999435	0.0	Right-Max	10:49:46:677713
487	281.5132159999921	0.0	Trigger_received	10:49:46:772713
488	282.3175927999837	0.0	Trigger_received	10:49:47:577061
489	283.1214636999939	0.0	Trigger_received	10:49:48:380952
490	283.81740430000355	0.0	Trigger_received	10:49:49:077307
491	284.62305140000535	0.0	Trigger_received	10:49:49:883000
492	285.41374210000504	0.0	Trigger_received	10:49:50:673769
493	285.6179053999949	0.0	Left-Min	10:49:50:877889
494	286.1220414999989	0.0	Trigger_received	10:49:51:381428
495	286.9138978999981	0.0	Trigger_received	10:49:52:173857
496	287.7176583999826	0.0	Trigger_received	10:49:52:977718
497	288.2228073999868	0.0	Right-Max	10:49:53:482726
498	288.41327150000143	0.0	Trigger_received	10:49:53:673309
499	289.2179921999923	0.0	Trigger_received	10:49:54:477976
500	290.022080499999	0.0	Trigger_received	10:49:55:281958
501	290.71746919999714	0.0	Trigger_received	10:49:55:977586
502	291.52247719999286	0.0	Trigger_received	10:49:56:781869
503	292.31321059999755	0.0	Trigger_received	10:49:57:573328
504	292.42230199999176	0.0	Left-Min	10:49:57:682353
505	293.0225814000005	0.0	Trigger_received	10:49:58:282724
506	293.81381989998044	0.0	Trigger_received	10:49:59:073890
507	294.61750839999877	0.0	Trigger_received	10:49:59:877649
508	295.3139115999802	0.0	Trigger_received	10:50:00:574041
509	296.118010199978	0.0	Trigger_received	10:50:01:378040
510	296.32278679998126	0.0	Right-Max	10:50:01:582875
511	296.922213199985	0.0	Trigger_received	10:50:02:182279
512	297.61768179998035	0.0	Trigger_received	10:50:02:877876
513	297.8220270999882	0.0	Left-Min	10:50:03:082440
514	298.4223083999823	0.0	Trigger_received	10:50:03:682400
515	298.91375779997907	0.0	Right-Max	10:50:04:173716
516	299.21380100000533	0.0	Trigger_received	10:50:04:473958
517	299.9223057999916	0.0	Left-Min	10:50:05:182387
518	299.92604449999635	0.0	Trigger_received	10:50:05:186378
519	300.71382789997733	0.0	Trigger_received	10:50:05:974004
520	300.8222848000005	0.0	Right-Max	10:50:06:082624
521	301.51914099999703	0.0	Trigger_received	10:50:06:779470
522	301.81745400000364	0.0	Left-Min	10:50:07:077798
523	302.2137378999905	0.0	Trigger_received	10:50:07:473984
524	303.01791870000307	0.0	Right-Max	10:50:08:277987
525	303.0216506999859	0.0	Trigger_received	10:50:08:281978
526	303.82350090000546	0.0	Trigger_received	10:50:09:083963
527	304.51774489998934	0.0	Trigger_received	10:50:09:777953
528	305.322331399977	0.0	Trigger_received	10:50:10:582495
529	305.5135466999782	0.0	Left-Min	10:50:10:773704
530	306.11397549998946	0.0	Trigger_received	10:50:11:374245
531	306.8230057999899	0.0	Trigger_received	10:50:12:083296
532	307.61355919999187	0.0	Trigger_received	10:50:12:873241
533	308.41765629997826	0.0	Trigger_received	10:50:13:677954
534	309.1139658000029	0.0	Trigger_received	10:50:14:374222
535	309.9179196000041	0.0	Trigger_received	10:50:15:178170
536	310.7229641999875	0.0	Right-Max	10:50:15:983170
537	310.7269311999844	0.0	Trigger_received	10:50:15:987161
538	311.41791869999724	0.0	Trigger_received	10:50:16:678201
539	312.2233193999855	0.0	Trigger_received	10:50:17:483580
540	313.0140937999822	0.0	Trigger_received	10:50:18:274621
541	313.7229776000022	0.0	Left-Min	10:50:18:983203
542	313.7268036000023	0.0	Trigger_received	10:50:18:987194
543	314.5142130999884	0.0	Trigger_received	10:50:19:774505
544	315.3182152999798	0.0	Trigger_received	10:50:20:578573
545	316.0141580000054	0.0	Trigger_received	10:50:21:274497
546	316.6137313999934	0.0	Right-Max	10:50:21:874240
547	316.818377699994	0.0	Trigger_received	10:50:22:078672
548	317.62322349997703	0.0	Trigger_received	10:50:22:883520
549	320.71804969999357	0.0	Left-Min	10:50:25:978403
550	15.778046566647632	300.04421593333245	PhoneCallHome_5min_MBC	10:45:21:024921
551	315.82222509998246	6.995623199996771	postaudio_metronome	10:50:21:082677
